br_exp_ID,br_ID,util_name,billing_period,payment_amt,payment_date
4681,1,Rent,2024-01,15012.60,2024-01-28
4682,1,Electricity,2024-01,1999.88,2024-01-28
4683,1,Water,2024-01,277.01,2024-01-28
4684,1,Internet,2024-01,242.29,2024-01-28
4685,1,Maintenance,2024-01,1680.08,2024-01-28
4686,1,Waste Management,2024-01,332.65,2024-01-28
4687,2,Rent,2024-01,11534.78,2024-01-28
4688,2,Electricity,2024-01,1607.65,2024-01-28
4689,2,Water,2024-01,223.46,2024-01-28
4690,2,Internet,2024-01,242.29,2024-01-28
4691,2,Maintenance,2024-01,800.71,2024-01-28
4692,2,Waste Management,2024-01,261.32,2024-01-28
4693,3,Rent,2024-01,9564.01,2024-01-28
4694,3,Electricity,2024-01,1313.96,2024-01-28
4695,3,Water,2024-01,178.19,2024-01-28
4696,3,Internet,2024-01,242.29,2024-01-28
4697,3,Maintenance,2024-01,701.46,2024-01-28
4698,3,Waste Management,2024-01,217.14,2024-01-28
4699,4,Rent,2024-01,7767.14,2024-01-28
4700,4,Electricity,2024-01,1028.47,2024-01-28
4701,4,Water,2024-01,134.77,2024-01-28
4702,4,Internet,2024-01,242.29,2024-01-28
4703,4,Maintenance,2024-01,726.74,2024-01-28
4704,4,Waste Management,2024-01,179.84,2024-01-28
4705,5,Rent,2024-01,6028.23,2024-01-28
4706,5,Electricity,2024-01,794.62,2024-01-28
4707,5,Water,2024-01,101.60,2024-01-28
4708,5,Internet,2024-01,242.29,2024-01-28
4709,5,Maintenance,2024-01,542.98,2024-01-28
4710,5,Waste Management,2024-01,134.95,2024-01-28
4711,6,Rent,2024-01,7941.03,2024-01-28
4712,6,Electricity,2024-01,1069.84,2024-01-28
4713,6,Water,2024-01,143.86,2024-01-28
4714,6,Internet,2024-01,242.29,2024-01-28
4715,6,Maintenance,2024-01,780.85,2024-01-28
4716,6,Waste Management,2024-01,180.64,2024-01-28
4717,7,Rent,2024-01,6839.72,2024-01-28
4718,7,Electricity,2024-01,836.74,2024-01-28
4719,7,Water,2024-01,111.57,2024-01-28
4720,7,Internet,2024-01,242.29,2024-01-28
4721,7,Maintenance,2024-01,602.26,2024-01-28
4722,7,Waste Management,2024-01,145.91,2024-01-28
4723,8,Rent,2024-01,7477.32,2024-01-28
4724,8,Electricity,2024-01,999.05,2024-01-28
4725,8,Water,2024-01,139.59,2024-01-28
4726,8,Internet,2024-01,242.29,2024-01-28
4727,8,Maintenance,2024-01,768.72,2024-01-28
4728,8,Waste Management,2024-01,160.05,2024-01-28
4729,9,Rent,2024-01,5854.33,2024-01-28
4730,9,Electricity,2024-01,701.01,2024-01-28
4731,9,Water,2024-01,113.60,2024-01-28
4732,9,Internet,2024-01,242.29,2024-01-28
4733,9,Maintenance,2024-01,422.69,2024-01-28
4734,9,Waste Management,2024-01,133.89,2024-01-28
4735,10,Rent,2024-01,7245.46,2024-01-28
4736,10,Electricity,2024-01,916.65,2024-01-28
4737,10,Water,2024-01,129.06,2024-01-28
4738,10,Internet,2024-01,242.29,2024-01-28
4739,10,Maintenance,2024-01,576.09,2024-01-28
4740,10,Waste Management,2024-01,157.98,2024-01-28
4741,11,Rent,2024-01,6955.64,2024-01-28
4742,11,Electricity,2024-01,894.67,2024-01-28
4743,11,Water,2024-01,121.16,2024-01-28
4744,11,Internet,2024-01,242.29,2024-01-28
4745,11,Maintenance,2024-01,553.33,2024-01-28
4746,11,Waste Management,2024-01,158.77,2024-01-28
4747,12,Rent,2024-01,5622.48,2024-01-28
4748,12,Electricity,2024-01,725.20,2024-01-28
4749,12,Water,2024-01,107.51,2024-01-28
4750,12,Internet,2024-01,242.29,2024-01-28
4751,12,Maintenance,2024-01,539.45,2024-01-28
4752,12,Waste Management,2024-01,129.07,2024-01-28
4753,13,Rent,2024-01,3825.60,2024-01-28
4754,13,Electricity,2024-01,497.69,2024-01-28
4755,13,Water,2024-01,68.93,2024-01-28
4756,13,Internet,2024-01,242.29,2024-01-28
4757,13,Maintenance,2024-01,417.46,2024-01-28
4758,13,Waste Management,2024-01,87.28,2024-01-28
4759,14,Rent,2024-01,6260.08,2024-01-28
4760,14,Electricity,2024-01,812.34,2024-01-28
4761,14,Water,2024-01,101.04,2024-01-28
4762,14,Internet,2024-01,242.29,2024-01-28
4763,14,Maintenance,2024-01,653.81,2024-01-28
4764,14,Waste Management,2024-01,145.17,2024-01-28
4765,15,Rent,2024-01,5912.30,2024-01-28
4766,15,Electricity,2024-01,786.26,2024-01-28
4767,15,Water,2024-01,113.68,2024-01-28
4768,15,Internet,2024-01,242.29,2024-01-28
4769,15,Maintenance,2024-01,658.43,2024-01-28
4770,15,Waste Management,2024-01,136.41,2024-01-28
4771,16,Rent,2024-01,8462.70,2024-01-28
4772,16,Electricity,2024-01,1024.09,2024-01-28
4773,16,Water,2024-01,149.24,2024-01-28
4774,16,Internet,2024-01,242.29,2024-01-28
4775,16,Maintenance,2024-01,819.29,2024-01-28
4776,16,Waste Management,2024-01,190.00,2024-01-28
4777,17,Rent,2024-01,8114.92,2024-01-28
4778,17,Electricity,2024-01,1080.76,2024-01-28
4779,17,Water,2024-01,146.52,2024-01-28
4780,17,Internet,2024-01,242.29,2024-01-28
4781,17,Maintenance,2024-01,552.66,2024-01-28
4782,17,Waste Management,2024-01,178.76,2024-01-28
4783,1,Rent,2024-02,15012.60,2024-02-28
4784,1,Electricity,2024-02,1881.12,2024-02-28
4785,1,Water,2024-02,263.07,2024-02-28
4786,1,Internet,2024-02,242.29,2024-02-28
4787,1,Maintenance,2024-02,1439.68,2024-02-28
4788,1,Waste Management,2024-02,345.05,2024-02-28
4789,2,Rent,2024-02,11534.78,2024-02-28
4790,2,Electricity,2024-02,1429.55,2024-02-28
4791,2,Water,2024-02,204.16,2024-02-28
4792,2,Internet,2024-02,242.29,2024-02-28
4793,2,Maintenance,2024-02,1316.78,2024-02-28
4794,2,Waste Management,2024-02,261.61,2024-02-28
4795,3,Rent,2024-02,9564.01,2024-02-28
4796,3,Electricity,2024-02,1213.94,2024-02-28
4797,3,Water,2024-02,166.53,2024-02-28
4798,3,Internet,2024-02,242.29,2024-02-28
4799,3,Maintenance,2024-02,652.87,2024-02-28
4800,3,Waste Management,2024-02,215.46,2024-02-28
4801,4,Rent,2024-02,7767.14,2024-02-28
4802,4,Electricity,2024-02,929.47,2024-02-28
4803,4,Water,2024-02,132.31,2024-02-28
4804,4,Internet,2024-02,242.29,2024-02-28
4805,4,Maintenance,2024-02,757.22,2024-02-28
4806,4,Waste Management,2024-02,165.10,2024-02-28
4807,5,Rent,2024-02,6028.23,2024-02-28
4808,5,Electricity,2024-02,721.93,2024-02-28
4809,5,Water,2024-02,104.27,2024-02-28
4810,5,Internet,2024-02,242.29,2024-02-28
4811,5,Maintenance,2024-02,690.06,2024-02-28
4812,5,Waste Management,2024-02,131.26,2024-02-28
4813,6,Rent,2024-02,7941.03,2024-02-28
4814,6,Electricity,2024-02,1048.45,2024-02-28
4815,6,Water,2024-02,151.94,2024-02-28
4816,6,Internet,2024-02,242.29,2024-02-28
4817,6,Maintenance,2024-02,865.39,2024-02-28
4818,6,Waste Management,2024-02,167.97,2024-02-28
4819,7,Rent,2024-02,6839.72,2024-02-28
4820,7,Electricity,2024-02,954.96,2024-02-28
4821,7,Water,2024-02,114.36,2024-02-28
4822,7,Internet,2024-02,242.29,2024-02-28
4823,7,Maintenance,2024-02,644.83,2024-02-28
4824,7,Waste Management,2024-02,145.78,2024-02-28
4825,8,Rent,2024-02,7477.32,2024-02-28
4826,8,Electricity,2024-02,921.82,2024-02-28
4827,8,Water,2024-02,146.03,2024-02-28
4828,8,Internet,2024-02,242.29,2024-02-28
4829,8,Maintenance,2024-02,530.39,2024-02-28
4830,8,Waste Management,2024-02,161.18,2024-02-28
4831,9,Rent,2024-02,5854.33,2024-02-28
4832,9,Electricity,2024-02,762.60,2024-02-28
4833,9,Water,2024-02,97.31,2024-02-28
4834,9,Internet,2024-02,242.29,2024-02-28
4835,9,Maintenance,2024-02,395.31,2024-02-28
4836,9,Waste Management,2024-02,127.98,2024-02-28
4837,10,Rent,2024-02,7245.46,2024-02-28
4838,10,Electricity,2024-02,927.33,2024-02-28
4839,10,Water,2024-02,137.18,2024-02-28
4840,10,Internet,2024-02,242.29,2024-02-28
4841,10,Maintenance,2024-02,758.38,2024-02-28
4842,10,Waste Management,2024-02,160.45,2024-02-28
4843,11,Rent,2024-02,6955.64,2024-02-28
4844,11,Electricity,2024-02,970.03,2024-02-28
4845,11,Water,2024-02,127.77,2024-02-28
4846,11,Internet,2024-02,242.29,2024-02-28
4847,11,Maintenance,2024-02,707.92,2024-02-28
4848,11,Waste Management,2024-02,160.28,2024-02-28
4849,12,Rent,2024-02,5622.48,2024-02-28
4850,12,Electricity,2024-02,770.49,2024-02-28
4851,12,Water,2024-02,98.29,2024-02-28
4852,12,Internet,2024-02,242.29,2024-02-28
4853,12,Maintenance,2024-02,384.79,2024-02-28
4854,12,Waste Management,2024-02,129.79,2024-02-28
4855,13,Rent,2024-02,3825.60,2024-02-28
4856,13,Electricity,2024-02,457.23,2024-02-28
4857,13,Water,2024-02,73.48,2024-02-28
4858,13,Internet,2024-02,242.29,2024-02-28
4859,13,Maintenance,2024-02,413.18,2024-02-28
4860,13,Waste Management,2024-02,83.37,2024-02-28
4861,14,Rent,2024-02,6260.08,2024-02-28
4862,14,Electricity,2024-02,750.03,2024-02-28
4863,14,Water,2024-02,103.44,2024-02-28
4864,14,Internet,2024-02,242.29,2024-02-28
4865,14,Maintenance,2024-02,648.24,2024-02-28
4866,14,Waste Management,2024-02,132.14,2024-02-28
4867,15,Rent,2024-02,5912.30,2024-02-28
4868,15,Electricity,2024-02,747.05,2024-02-28
4869,15,Water,2024-02,112.17,2024-02-28
4870,15,Internet,2024-02,242.29,2024-02-28
4871,15,Maintenance,2024-02,420.88,2024-02-28
4872,15,Waste Management,2024-02,136.94,2024-02-28
4873,16,Rent,2024-02,8462.70,2024-02-28
4874,16,Electricity,2024-02,1065.81,2024-02-28
4875,16,Water,2024-02,152.12,2024-02-28
4876,16,Internet,2024-02,242.29,2024-02-28
4877,16,Maintenance,2024-02,591.58,2024-02-28
4878,16,Waste Management,2024-02,181.17,2024-02-28
4879,17,Rent,2024-02,8114.92,2024-02-28
4880,17,Electricity,2024-02,1010.70,2024-02-28
4881,17,Water,2024-02,144.63,2024-02-28
4882,17,Internet,2024-02,242.29,2024-02-28
4883,17,Maintenance,2024-02,886.18,2024-02-28
4884,17,Waste Management,2024-02,181.73,2024-02-28
4885,1,Rent,2024-03,15012.60,2024-03-28
4886,1,Electricity,2024-03,2048.67,2024-03-28
4887,1,Water,2024-03,281.40,2024-03-28
4888,1,Internet,2024-03,242.29,2024-03-28
4889,1,Maintenance,2024-03,1397.42,2024-03-28
4890,1,Waste Management,2024-03,348.87,2024-03-28
4891,2,Rent,2024-03,11534.78,2024-03-28
4892,2,Electricity,2024-03,1734.61,2024-03-28
4893,2,Water,2024-03,190.04,2024-03-28
4894,2,Internet,2024-03,242.29,2024-03-28
4895,2,Maintenance,2024-03,1241.67,2024-03-28
4896,2,Waste Management,2024-03,264.62,2024-03-28
4897,3,Rent,2024-03,9564.01,2024-03-28
4898,3,Electricity,2024-03,1398.99,2024-03-28
4899,3,Water,2024-03,167.90,2024-03-28
4900,3,Internet,2024-03,242.29,2024-03-28
4901,3,Maintenance,2024-03,905.46,2024-03-28
4902,3,Waste Management,2024-03,215.01,2024-03-28
4903,4,Rent,2024-03,7767.14,2024-03-28
4904,4,Electricity,2024-03,1150.80,2024-03-28
4905,4,Water,2024-03,143.27,2024-03-28
4906,4,Internet,2024-03,242.29,2024-03-28
4907,4,Maintenance,2024-03,772.14,2024-03-28
4908,4,Waste Management,2024-03,169.09,2024-03-28
4909,5,Rent,2024-03,6028.23,2024-03-28
4910,5,Electricity,2024-03,920.54,2024-03-28
4911,5,Water,2024-03,114.22,2024-03-28
4912,5,Internet,2024-03,242.29,2024-03-28
4913,5,Maintenance,2024-03,614.83,2024-03-28
4914,5,Waste Management,2024-03,135.32,2024-03-28
4915,6,Rent,2024-03,7941.03,2024-03-28
4916,6,Electricity,2024-03,1090.02,2024-03-28
4917,6,Water,2024-03,128.57,2024-03-28
4918,6,Internet,2024-03,242.29,2024-03-28
4919,6,Maintenance,2024-03,682.71,2024-03-28
4920,6,Waste Management,2024-03,172.13,2024-03-28
4921,7,Rent,2024-03,6839.72,2024-03-28
4922,7,Electricity,2024-03,1060.34,2024-03-28
4923,7,Water,2024-03,124.77,2024-03-28
4924,7,Internet,2024-03,242.29,2024-03-28
4925,7,Maintenance,2024-03,644.02,2024-03-28
4926,7,Waste Management,2024-03,148.86,2024-03-28
4927,8,Rent,2024-03,7477.32,2024-03-28
4928,8,Electricity,2024-03,1170.44,2024-03-28
4929,8,Water,2024-03,134.52,2024-03-28
4930,8,Internet,2024-03,242.29,2024-03-28
4931,8,Maintenance,2024-03,840.40,2024-03-28
4932,8,Waste Management,2024-03,171.71,2024-03-28
4933,9,Rent,2024-03,5854.33,2024-03-28
4934,9,Electricity,2024-03,913.28,2024-03-28
4935,9,Water,2024-03,105.00,2024-03-28
4936,9,Internet,2024-03,242.29,2024-03-28
4937,9,Maintenance,2024-03,432.54,2024-03-28
4938,9,Waste Management,2024-03,135.87,2024-03-28
4939,10,Rent,2024-03,7245.46,2024-03-28
4940,10,Electricity,2024-03,1050.55,2024-03-28
4941,10,Water,2024-03,138.53,2024-03-28
4942,10,Internet,2024-03,242.29,2024-03-28
4943,10,Maintenance,2024-03,783.13,2024-03-28
4944,10,Waste Management,2024-03,165.60,2024-03-28
4945,11,Rent,2024-03,6955.64,2024-03-28
4946,11,Electricity,2024-03,951.96,2024-03-28
4947,11,Water,2024-03,122.39,2024-03-28
4948,11,Internet,2024-03,242.29,2024-03-28
4949,11,Maintenance,2024-03,775.70,2024-03-28
4950,11,Waste Management,2024-03,161.13,2024-03-28
4951,12,Rent,2024-03,5622.48,2024-03-28
4952,12,Electricity,2024-03,771.58,2024-03-28
4953,12,Water,2024-03,101.21,2024-03-28
4954,12,Internet,2024-03,242.29,2024-03-28
4955,12,Maintenance,2024-03,511.12,2024-03-28
4956,12,Waste Management,2024-03,121.10,2024-03-28
4957,13,Rent,2024-03,3825.60,2024-03-28
4958,13,Electricity,2024-03,526.70,2024-03-28
4959,13,Water,2024-03,68.16,2024-03-28
4960,13,Internet,2024-03,242.29,2024-03-28
4961,13,Maintenance,2024-03,418.38,2024-03-28
4962,13,Waste Management,2024-03,89.02,2024-03-28
4963,14,Rent,2024-03,6260.08,2024-03-28
4964,14,Electricity,2024-03,944.84,2024-03-28
4965,14,Water,2024-03,106.86,2024-03-28
4966,14,Internet,2024-03,242.29,2024-03-28
4967,14,Maintenance,2024-03,544.66,2024-03-28
4968,14,Waste Management,2024-03,145.35,2024-03-28
4969,15,Rent,2024-03,5912.30,2024-03-28
4970,15,Electricity,2024-03,911.09,2024-03-28
4971,15,Water,2024-03,114.07,2024-03-28
4972,15,Internet,2024-03,242.29,2024-03-28
4973,15,Maintenance,2024-03,504.81,2024-03-28
4974,15,Waste Management,2024-03,125.19,2024-03-28
4975,16,Rent,2024-03,8462.70,2024-03-28
4976,16,Electricity,2024-03,1142.25,2024-03-28
4977,16,Water,2024-03,165.35,2024-03-28
4978,16,Internet,2024-03,242.29,2024-03-28
4979,16,Maintenance,2024-03,694.33,2024-03-28
4980,16,Waste Management,2024-03,178.59,2024-03-28
4981,17,Rent,2024-03,8114.92,2024-03-28
4982,17,Electricity,2024-03,1268.04,2024-03-28
4983,17,Water,2024-03,130.43,2024-03-28
4984,17,Internet,2024-03,242.29,2024-03-28
4985,17,Maintenance,2024-03,688.19,2024-03-28
4986,17,Waste Management,2024-03,185.22,2024-03-28
4987,1,Rent,2024-04,15012.60,2024-04-28
4988,1,Electricity,2024-04,2346.21,2024-04-28
4989,1,Water,2024-04,277.98,2024-04-28
4990,1,Internet,2024-04,242.29,2024-04-28
4991,1,Maintenance,2024-04,1723.69,2024-04-28
4992,1,Waste Management,2024-04,321.68,2024-04-28
4993,2,Rent,2024-04,11534.78,2024-04-28
4994,2,Electricity,2024-04,1632.96,2024-04-28
4995,2,Water,2024-04,203.10,2024-04-28
4996,2,Internet,2024-04,242.29,2024-04-28
4997,2,Maintenance,2024-04,1158.81,2024-04-28
4998,2,Waste Management,2024-04,254.02,2024-04-28
4999,3,Rent,2024-04,9564.01,2024-04-28
5000,3,Electricity,2024-04,1341.11,2024-04-28
5001,3,Water,2024-04,186.21,2024-04-28
5002,3,Internet,2024-04,242.29,2024-04-28
5003,3,Maintenance,2024-04,642.47,2024-04-28
5004,3,Waste Management,2024-04,205.43,2024-04-28
5005,4,Rent,2024-04,7767.14,2024-04-28
5006,4,Electricity,2024-04,1142.73,2024-04-28
5007,4,Water,2024-04,144.37,2024-04-28
5008,4,Internet,2024-04,242.29,2024-04-28
5009,4,Maintenance,2024-04,583.37,2024-04-28
5010,4,Waste Management,2024-04,179.45,2024-04-28
5011,5,Rent,2024-04,6028.23,2024-04-28
5012,5,Electricity,2024-04,824.39,2024-04-28
5013,5,Water,2024-04,107.74,2024-04-28
5014,5,Internet,2024-04,242.29,2024-04-28
5015,5,Maintenance,2024-04,484.25,2024-04-28
5016,5,Waste Management,2024-04,137.07,2024-04-28
5017,6,Rent,2024-04,7941.03,2024-04-28
5018,6,Electricity,2024-04,1207.85,2024-04-28
5019,6,Water,2024-04,130.21,2024-04-28
5020,6,Internet,2024-04,242.29,2024-04-28
5021,6,Maintenance,2024-04,673.57,2024-04-28
5022,6,Waste Management,2024-04,184.20,2024-04-28
5023,7,Rent,2024-04,6839.72,2024-04-28
5024,7,Electricity,2024-04,1072.31,2024-04-28
5025,7,Water,2024-04,111.81,2024-04-28
5026,7,Internet,2024-04,242.29,2024-04-28
5027,7,Maintenance,2024-04,635.99,2024-04-28
5028,7,Waste Management,2024-04,153.29,2024-04-28
5029,8,Rent,2024-04,7477.32,2024-04-28
5030,8,Electricity,2024-04,1053.79,2024-04-28
5031,8,Water,2024-04,128.50,2024-04-28
5032,8,Internet,2024-04,242.29,2024-04-28
5033,8,Maintenance,2024-04,572.89,2024-04-28
5034,8,Waste Management,2024-04,158.87,2024-04-28
5035,9,Rent,2024-04,5854.33,2024-04-28
5036,9,Electricity,2024-04,893.49,2024-04-28
5037,9,Water,2024-04,106.79,2024-04-28
5038,9,Internet,2024-04,242.29,2024-04-28
5039,9,Maintenance,2024-04,583.51,2024-04-28
5040,9,Waste Management,2024-04,129.39,2024-04-28
5041,10,Rent,2024-04,7245.46,2024-04-28
5042,10,Electricity,2024-04,980.95,2024-04-28
5043,10,Water,2024-04,119.17,2024-04-28
5044,10,Internet,2024-04,242.29,2024-04-28
5045,10,Maintenance,2024-04,761.62,2024-04-28
5046,10,Waste Management,2024-04,159.34,2024-04-28
5047,11,Rent,2024-04,6955.64,2024-04-28
5048,11,Electricity,2024-04,1087.24,2024-04-28
5049,11,Water,2024-04,123.37,2024-04-28
5050,11,Internet,2024-04,242.29,2024-04-28
5051,11,Maintenance,2024-04,501.51,2024-04-28
5052,11,Waste Management,2024-04,157.64,2024-04-28
5053,12,Rent,2024-04,5622.48,2024-04-28
5054,12,Electricity,2024-04,807.09,2024-04-28
5055,12,Water,2024-04,99.19,2024-04-28
5056,12,Internet,2024-04,242.29,2024-04-28
5057,12,Maintenance,2024-04,622.92,2024-04-28
5058,12,Waste Management,2024-04,126.66,2024-04-28
5059,13,Rent,2024-04,3825.60,2024-04-28
5060,13,Electricity,2024-04,564.05,2024-04-28
5061,13,Water,2024-04,73.17,2024-04-28
5062,13,Internet,2024-04,242.29,2024-04-28
5063,13,Maintenance,2024-04,281.30,2024-04-28
5064,13,Waste Management,2024-04,82.75,2024-04-28
5065,14,Rent,2024-04,6260.08,2024-04-28
5066,14,Electricity,2024-04,857.99,2024-04-28
5067,14,Water,2024-04,112.23,2024-04-28
5068,14,Internet,2024-04,242.29,2024-04-28
5069,14,Maintenance,2024-04,594.77,2024-04-28
5070,14,Waste Management,2024-04,139.33,2024-04-28
5071,15,Rent,2024-04,5912.30,2024-04-28
5072,15,Electricity,2024-04,896.89,2024-04-28
5073,15,Water,2024-04,97.74,2024-04-28
5074,15,Internet,2024-04,242.29,2024-04-28
5075,15,Maintenance,2024-04,569.29,2024-04-28
5076,15,Waste Management,2024-04,127.29,2024-04-28
5077,16,Rent,2024-04,8462.70,2024-04-28
5078,16,Electricity,2024-04,1241.82,2024-04-28
5079,16,Water,2024-04,142.53,2024-04-28
5080,16,Internet,2024-04,242.29,2024-04-28
5081,16,Maintenance,2024-04,588.08,2024-04-28
5082,16,Waste Management,2024-04,188.49,2024-04-28
5083,17,Rent,2024-04,8114.92,2024-04-28
5084,17,Electricity,2024-04,1220.17,2024-04-28
5085,17,Water,2024-04,150.38,2024-04-28
5086,17,Internet,2024-04,242.29,2024-04-28
5087,17,Maintenance,2024-04,791.79,2024-04-28
5088,17,Waste Management,2024-04,177.99,2024-04-28
5089,1,Rent,2024-05,15012.60,2024-05-28
5090,1,Electricity,2024-05,2316.19,2024-05-28
5091,1,Water,2024-05,270.55,2024-05-28
5092,1,Internet,2024-05,242.29,2024-05-28
5093,1,Maintenance,2024-05,1661.32,2024-05-28
5094,1,Waste Management,2024-05,336.76,2024-05-28
5095,2,Rent,2024-05,11534.78,2024-05-28
5096,2,Electricity,2024-05,1562.53,2024-05-28
5097,2,Water,2024-05,209.41,2024-05-28
5098,2,Internet,2024-05,242.29,2024-05-28
5099,2,Maintenance,2024-05,1293.39,2024-05-28
5100,2,Waste Management,2024-05,259.69,2024-05-28
5101,3,Rent,2024-05,9564.01,2024-05-28
5102,3,Electricity,2024-05,1327.07,2024-05-28
5103,3,Water,2024-05,155.31,2024-05-28
5104,3,Internet,2024-05,242.29,2024-05-28
5105,3,Maintenance,2024-05,657.75,2024-05-28
5106,3,Waste Management,2024-05,209.23,2024-05-28
5107,4,Rent,2024-05,7767.14,2024-05-28
5108,4,Electricity,2024-05,1206.96,2024-05-28
5109,4,Water,2024-05,128.39,2024-05-28
5110,4,Internet,2024-05,242.29,2024-05-28
5111,4,Maintenance,2024-05,625.30,2024-05-28
5112,4,Waste Management,2024-05,173.81,2024-05-28
5113,5,Rent,2024-05,6028.23,2024-05-28
5114,5,Electricity,2024-05,826.04,2024-05-28
5115,5,Water,2024-05,106.78,2024-05-28
5116,5,Internet,2024-05,242.29,2024-05-28
5117,5,Maintenance,2024-05,572.76,2024-05-28
5118,5,Waste Management,2024-05,129.28,2024-05-28
5119,6,Rent,2024-05,7941.03,2024-05-28
5120,6,Electricity,2024-05,1081.61,2024-05-28
5121,6,Water,2024-05,130.51,2024-05-28
5122,6,Internet,2024-05,242.29,2024-05-28
5123,6,Maintenance,2024-05,848.59,2024-05-28
5124,6,Waste Management,2024-05,171.51,2024-05-28
5125,7,Rent,2024-05,6839.72,2024-05-28
5126,7,Electricity,2024-05,1030.59,2024-05-28
5127,7,Water,2024-05,117.55,2024-05-28
5128,7,Internet,2024-05,242.29,2024-05-28
5129,7,Maintenance,2024-05,557.19,2024-05-28
5130,7,Waste Management,2024-05,145.85,2024-05-28
5131,8,Rent,2024-05,7477.32,2024-05-28
5132,8,Electricity,2024-05,1107.05,2024-05-28
5133,8,Water,2024-05,134.41,2024-05-28
5134,8,Internet,2024-05,242.29,2024-05-28
5135,8,Maintenance,2024-05,588.77,2024-05-28
5136,8,Waste Management,2024-05,160.97,2024-05-28
5137,9,Rent,2024-05,5854.33,2024-05-28
5138,9,Electricity,2024-05,864.86,2024-05-28
5139,9,Water,2024-05,102.48,2024-05-28
5140,9,Internet,2024-05,242.29,2024-05-28
5141,9,Maintenance,2024-05,572.99,2024-05-28
5142,9,Waste Management,2024-05,131.85,2024-05-28
5143,10,Rent,2024-05,7245.46,2024-05-28
5144,10,Electricity,2024-05,984.23,2024-05-28
5145,10,Water,2024-05,131.92,2024-05-28
5146,10,Internet,2024-05,242.29,2024-05-28
5147,10,Maintenance,2024-05,732.51,2024-05-28
5148,10,Waste Management,2024-05,158.96,2024-05-28
5149,11,Rent,2024-05,6955.64,2024-05-28
5150,11,Electricity,2024-05,1016.47,2024-05-28
5151,11,Water,2024-05,119.37,2024-05-28
5152,11,Internet,2024-05,242.29,2024-05-28
5153,11,Maintenance,2024-05,584.26,2024-05-28
5154,11,Waste Management,2024-05,150.78,2024-05-28
5155,12,Rent,2024-05,5622.48,2024-05-28
5156,12,Electricity,2024-05,786.70,2024-05-28
5157,12,Water,2024-05,103.78,2024-05-28
5158,12,Internet,2024-05,242.29,2024-05-28
5159,12,Maintenance,2024-05,416.54,2024-05-28
5160,12,Waste Management,2024-05,119.64,2024-05-28
5161,13,Rent,2024-05,3825.60,2024-05-28
5162,13,Electricity,2024-05,576.00,2024-05-28
5163,13,Water,2024-05,61.67,2024-05-28
5164,13,Internet,2024-05,242.29,2024-05-28
5165,13,Maintenance,2024-05,277.37,2024-05-28
5166,13,Waste Management,2024-05,80.76,2024-05-28
5167,14,Rent,2024-05,6260.08,2024-05-28
5168,14,Electricity,2024-05,880.38,2024-05-28
5169,14,Water,2024-05,114.90,2024-05-28
5170,14,Internet,2024-05,242.29,2024-05-28
5171,14,Maintenance,2024-05,432.87,2024-05-28
5172,14,Waste Management,2024-05,145.43,2024-05-28
5173,15,Rent,2024-05,5912.30,2024-05-28
5174,15,Electricity,2024-05,805.82,2024-05-28
5175,15,Water,2024-05,114.16,2024-05-28
5176,15,Internet,2024-05,242.29,2024-05-28
5177,15,Maintenance,2024-05,397.25,2024-05-28
5178,15,Waste Management,2024-05,136.39,2024-05-28
5179,16,Rent,2024-05,8462.70,2024-05-28
5180,16,Electricity,2024-05,1199.29,2024-05-28
5181,16,Water,2024-05,147.63,2024-05-28
5182,16,Internet,2024-05,242.29,2024-05-28
5183,16,Maintenance,2024-05,919.40,2024-05-28
5184,16,Waste Management,2024-05,191.00,2024-05-28
5185,17,Rent,2024-05,8114.92,2024-05-28
5186,17,Electricity,2024-05,1162.98,2024-05-28
5187,17,Water,2024-05,134.07,2024-05-28
5188,17,Internet,2024-05,242.29,2024-05-28
5189,17,Maintenance,2024-05,865.38,2024-05-28
5190,17,Waste Management,2024-05,185.32,2024-05-28
5191,1,Rent,2024-06,15012.60,2024-06-28
5192,1,Electricity,2024-06,2180.24,2024-06-28
5193,1,Water,2024-06,265.90,2024-06-28
5194,1,Internet,2024-06,242.29,2024-06-28
5195,1,Maintenance,2024-06,1584.01,2024-06-28
5196,1,Waste Management,2024-06,338.71,2024-06-28
5197,2,Rent,2024-06,11534.78,2024-06-28
5198,2,Electricity,2024-06,1793.39,2024-06-28
5199,2,Water,2024-06,208.48,2024-06-28
5200,2,Internet,2024-06,242.29,2024-06-28
5201,2,Maintenance,2024-06,786.25,2024-06-28
5202,2,Waste Management,2024-06,266.80,2024-06-28
5203,3,Rent,2024-06,9564.01,2024-06-28
5204,3,Electricity,2024-06,1382.66,2024-06-28
5205,3,Water,2024-06,165.34,2024-06-28
5206,3,Internet,2024-06,242.29,2024-06-28
5207,3,Maintenance,2024-06,902.51,2024-06-28
5208,3,Waste Management,2024-06,206.96,2024-06-28
5209,4,Rent,2024-06,7767.14,2024-06-28
5210,4,Electricity,2024-06,1114.95,2024-06-28
5211,4,Water,2024-06,144.93,2024-06-28
5212,4,Internet,2024-06,242.29,2024-06-28
5213,4,Maintenance,2024-06,654.80,2024-06-28
5214,4,Waste Management,2024-06,170.96,2024-06-28
5215,5,Rent,2024-06,6028.23,2024-06-28
5216,5,Electricity,2024-06,877.11,2024-06-28
5217,5,Water,2024-06,108.01,2024-06-28
5218,5,Internet,2024-06,242.29,2024-06-28
5219,5,Maintenance,2024-06,529.14,2024-06-28
5220,5,Waste Management,2024-06,134.21,2024-06-28
5221,6,Rent,2024-06,7941.03,2024-06-28
5222,6,Electricity,2024-06,1106.37,2024-06-28
5223,6,Water,2024-06,154.54,2024-06-28
5224,6,Internet,2024-06,242.29,2024-06-28
5225,6,Maintenance,2024-06,639.84,2024-06-28
5226,6,Waste Management,2024-06,176.91,2024-06-28
5227,7,Rent,2024-06,6839.72,2024-06-28
5228,7,Electricity,2024-06,957.64,2024-06-28
5229,7,Water,2024-06,119.90,2024-06-28
5230,7,Internet,2024-06,242.29,2024-06-28
5231,7,Maintenance,2024-06,765.84,2024-06-28
5232,7,Waste Management,2024-06,159.07,2024-06-28
5233,8,Rent,2024-06,7477.32,2024-06-28
5234,8,Electricity,2024-06,1011.22,2024-06-28
5235,8,Water,2024-06,142.80,2024-06-28
5236,8,Internet,2024-06,242.29,2024-06-28
5237,8,Maintenance,2024-06,697.63,2024-06-28
5238,8,Waste Management,2024-06,162.92,2024-06-28
5239,9,Rent,2024-06,5854.33,2024-06-28
5240,9,Electricity,2024-06,796.70,2024-06-28
5241,9,Water,2024-06,101.99,2024-06-28
5242,9,Internet,2024-06,242.29,2024-06-28
5243,9,Maintenance,2024-06,478.62,2024-06-28
5244,9,Waste Management,2024-06,127.50,2024-06-28
5245,10,Rent,2024-06,7245.46,2024-06-28
5246,10,Electricity,2024-06,1043.00,2024-06-28
5247,10,Water,2024-06,140.48,2024-06-28
5248,10,Internet,2024-06,242.29,2024-06-28
5249,10,Maintenance,2024-06,754.85,2024-06-28
5250,10,Waste Management,2024-06,161.42,2024-06-28
5251,11,Rent,2024-06,6955.64,2024-06-28
5252,11,Electricity,2024-06,1029.66,2024-06-28
5253,11,Water,2024-06,130.62,2024-06-28
5254,11,Internet,2024-06,242.29,2024-06-28
5255,11,Maintenance,2024-06,694.79,2024-06-28
5256,11,Waste Management,2024-06,148.65,2024-06-28
5257,12,Rent,2024-06,5622.48,2024-06-28
5258,12,Electricity,2024-06,870.59,2024-06-28
5259,12,Water,2024-06,109.07,2024-06-28
5260,12,Internet,2024-06,242.29,2024-06-28
5261,12,Maintenance,2024-06,398.00,2024-06-28
5262,12,Waste Management,2024-06,129.92,2024-06-28
5263,13,Rent,2024-06,3825.60,2024-06-28
5264,13,Electricity,2024-06,542.65,2024-06-28
5265,13,Water,2024-06,70.39,2024-06-28
5266,13,Internet,2024-06,242.29,2024-06-28
5267,13,Maintenance,2024-06,350.84,2024-06-28
5268,13,Waste Management,2024-06,83.40,2024-06-28
5269,14,Rent,2024-06,6260.08,2024-06-28
5270,14,Electricity,2024-06,872.17,2024-06-28
5271,14,Water,2024-06,105.58,2024-06-28
5272,14,Internet,2024-06,242.29,2024-06-28
5273,14,Maintenance,2024-06,450.60,2024-06-28
5274,14,Waste Management,2024-06,145.45,2024-06-28
5275,15,Rent,2024-06,5912.30,2024-06-28
5276,15,Electricity,2024-06,794.23,2024-06-28
5277,15,Water,2024-06,114.76,2024-06-28
5278,15,Internet,2024-06,242.29,2024-06-28
5279,15,Maintenance,2024-06,427.41,2024-06-28
5280,15,Waste Management,2024-06,131.10,2024-06-28
5281,16,Rent,2024-06,8462.70,2024-06-28
5282,16,Electricity,2024-06,1269.08,2024-06-28
5283,16,Water,2024-06,163.57,2024-06-28
5284,16,Internet,2024-06,242.29,2024-06-28
5285,16,Maintenance,2024-06,787.63,2024-06-28
5286,16,Waste Management,2024-06,192.43,2024-06-28
5287,17,Rent,2024-06,8114.92,2024-06-28
5288,17,Electricity,2024-06,1121.32,2024-06-28
5289,17,Water,2024-06,141.17,2024-06-28
5290,17,Internet,2024-06,242.29,2024-06-28
5291,17,Maintenance,2024-06,900.67,2024-06-28
5292,17,Waste Management,2024-06,176.85,2024-06-28
5293,1,Rent,2024-07,15012.60,2024-07-28
5294,1,Electricity,2024-07,1950.75,2024-07-28
5295,1,Water,2024-07,279.41,2024-07-28
5296,1,Internet,2024-07,242.29,2024-07-28
5297,1,Maintenance,2024-07,1721.44,2024-07-28
5298,1,Waste Management,2024-07,332.58,2024-07-28
5299,2,Rent,2024-07,11534.78,2024-07-28
5300,2,Electricity,2024-07,1386.16,2024-07-28
5301,2,Water,2024-07,207.93,2024-07-28
5302,2,Internet,2024-07,242.29,2024-07-28
5303,2,Maintenance,2024-07,902.40,2024-07-28
5304,2,Waste Management,2024-07,245.39,2024-07-28
5305,3,Rent,2024-07,9564.01,2024-07-28
5306,3,Electricity,2024-07,1175.99,2024-07-28
5307,3,Water,2024-07,164.02,2024-07-28
5308,3,Internet,2024-07,242.29,2024-07-28
5309,3,Maintenance,2024-07,688.68,2024-07-28
5310,3,Waste Management,2024-07,201.69,2024-07-28
5311,4,Rent,2024-07,7767.14,2024-07-28
5312,4,Electricity,2024-07,938.97,2024-07-28
5313,4,Water,2024-07,145.83,2024-07-28
5314,4,Internet,2024-07,242.29,2024-07-28
5315,4,Maintenance,2024-07,831.65,2024-07-28
5316,4,Waste Management,2024-07,178.55,2024-07-28
5317,5,Rent,2024-07,6028.23,2024-07-28
5318,5,Electricity,2024-07,783.18,2024-07-28
5319,5,Water,2024-07,111.62,2024-07-28
5320,5,Internet,2024-07,242.29,2024-07-28
5321,5,Maintenance,2024-07,495.94,2024-07-28
5322,5,Waste Management,2024-07,130.00,2024-07-28
5323,6,Rent,2024-07,7941.03,2024-07-28
5324,6,Electricity,2024-07,1027.40,2024-07-28
5325,6,Water,2024-07,142.47,2024-07-28
5326,6,Internet,2024-07,242.29,2024-07-28
5327,6,Maintenance,2024-07,734.00,2024-07-28
5328,6,Waste Management,2024-07,183.27,2024-07-28
5329,7,Rent,2024-07,6839.72,2024-07-28
5330,7,Electricity,2024-07,943.22,2024-07-28
5331,7,Water,2024-07,124.83,2024-07-28
5332,7,Internet,2024-07,242.29,2024-07-28
5333,7,Maintenance,2024-07,592.92,2024-07-28
5334,7,Waste Management,2024-07,156.59,2024-07-28
5335,8,Rent,2024-07,7477.32,2024-07-28
5336,8,Electricity,2024-07,999.19,2024-07-28
5337,8,Water,2024-07,125.60,2024-07-28
5338,8,Internet,2024-07,242.29,2024-07-28
5339,8,Maintenance,2024-07,766.71,2024-07-28
5340,8,Waste Management,2024-07,167.50,2024-07-28
5341,9,Rent,2024-07,5854.33,2024-07-28
5342,9,Electricity,2024-07,763.10,2024-07-28
5343,9,Water,2024-07,102.08,2024-07-28
5344,9,Internet,2024-07,242.29,2024-07-28
5345,9,Maintenance,2024-07,598.88,2024-07-28
5346,9,Waste Management,2024-07,133.99,2024-07-28
5347,10,Rent,2024-07,7245.46,2024-07-28
5348,10,Electricity,2024-07,912.05,2024-07-28
5349,10,Water,2024-07,124.77,2024-07-28
5350,10,Internet,2024-07,242.29,2024-07-28
5351,10,Maintenance,2024-07,496.44,2024-07-28
5352,10,Waste Management,2024-07,161.97,2024-07-28
5353,11,Rent,2024-07,6955.64,2024-07-28
5354,11,Electricity,2024-07,950.85,2024-07-28
5355,11,Water,2024-07,130.50,2024-07-28
5356,11,Internet,2024-07,242.29,2024-07-28
5357,11,Maintenance,2024-07,688.76,2024-07-28
5358,11,Waste Management,2024-07,146.65,2024-07-28
5359,12,Rent,2024-07,5622.48,2024-07-28
5360,12,Electricity,2024-07,783.34,2024-07-28
5361,12,Water,2024-07,103.68,2024-07-28
5362,12,Internet,2024-07,242.29,2024-07-28
5363,12,Maintenance,2024-07,578.82,2024-07-28
5364,12,Waste Management,2024-07,125.64,2024-07-28
5365,13,Rent,2024-07,3825.60,2024-07-28
5366,13,Electricity,2024-07,506.68,2024-07-28
5367,13,Water,2024-07,66.42,2024-07-28
5368,13,Internet,2024-07,242.29,2024-07-28
5369,13,Maintenance,2024-07,323.33,2024-07-28
5370,13,Waste Management,2024-07,87.54,2024-07-28
5371,14,Rent,2024-07,6260.08,2024-07-28
5372,14,Electricity,2024-07,834.01,2024-07-28
5373,14,Water,2024-07,111.04,2024-07-28
5374,14,Internet,2024-07,242.29,2024-07-28
5375,14,Maintenance,2024-07,701.05,2024-07-28
5376,14,Waste Management,2024-07,131.96,2024-07-28
5377,15,Rent,2024-07,5912.30,2024-07-28
5378,15,Electricity,2024-07,778.44,2024-07-28
5379,15,Water,2024-07,105.94,2024-07-28
5380,15,Internet,2024-07,242.29,2024-07-28
5381,15,Maintenance,2024-07,523.84,2024-07-28
5382,15,Waste Management,2024-07,126.48,2024-07-28
5383,16,Rent,2024-07,8462.70,2024-07-28
5384,16,Electricity,2024-07,1078.96,2024-07-28
5385,16,Water,2024-07,139.84,2024-07-28
5386,16,Internet,2024-07,242.29,2024-07-28
5387,16,Maintenance,2024-07,745.67,2024-07-28
5388,16,Waste Management,2024-07,191.79,2024-07-28
5389,17,Rent,2024-07,8114.92,2024-07-28
5390,17,Electricity,2024-07,1000.95,2024-07-28
5391,17,Water,2024-07,140.57,2024-07-28
5392,17,Internet,2024-07,242.29,2024-07-28
5393,17,Maintenance,2024-07,644.03,2024-07-28
5394,17,Waste Management,2024-07,180.21,2024-07-28
5395,1,Rent,2024-08,15012.60,2024-08-28
5396,1,Electricity,2024-08,2064.28,2024-08-28
5397,1,Water,2024-08,284.32,2024-08-28
5398,1,Internet,2024-08,242.29,2024-08-28
5399,1,Maintenance,2024-08,1133.94,2024-08-28
5400,1,Waste Management,2024-08,333.62,2024-08-28
5401,2,Rent,2024-08,11534.78,2024-08-28
5402,2,Electricity,2024-08,1506.58,2024-08-28
5403,2,Water,2024-08,216.82,2024-08-28
5404,2,Internet,2024-08,242.29,2024-08-28
5405,2,Maintenance,2024-08,1236.61,2024-08-28
5406,2,Waste Management,2024-08,263.09,2024-08-28
5407,3,Rent,2024-08,9564.01,2024-08-28
5408,3,Electricity,2024-08,1142.64,2024-08-28
5409,3,Water,2024-08,180.06,2024-08-28
5410,3,Internet,2024-08,242.29,2024-08-28
5411,3,Maintenance,2024-08,922.14,2024-08-28
5412,3,Waste Management,2024-08,207.22,2024-08-28
5413,4,Rent,2024-08,7767.14,2024-08-28
5414,4,Electricity,2024-08,970.10,2024-08-28
5415,4,Water,2024-08,145.98,2024-08-28
5416,4,Internet,2024-08,242.29,2024-08-28
5417,4,Maintenance,2024-08,598.24,2024-08-28
5418,4,Waste Management,2024-08,169.06,2024-08-28
5419,5,Rent,2024-08,6028.23,2024-08-28
5420,5,Electricity,2024-08,750.18,2024-08-28
5421,5,Water,2024-08,115.10,2024-08-28
5422,5,Internet,2024-08,242.29,2024-08-28
5423,5,Maintenance,2024-08,595.27,2024-08-28
5424,5,Waste Management,2024-08,128.13,2024-08-28
5425,6,Rent,2024-08,7941.03,2024-08-28
5426,6,Electricity,2024-08,993.58,2024-08-28
5427,6,Water,2024-08,144.50,2024-08-28
5428,6,Internet,2024-08,242.29,2024-08-28
5429,6,Maintenance,2024-08,762.03,2024-08-28
5430,6,Waste Management,2024-08,181.42,2024-08-28
5431,7,Rent,2024-08,6839.72,2024-08-28
5432,7,Electricity,2024-08,840.92,2024-08-28
5433,7,Water,2024-08,132.81,2024-08-28
5434,7,Internet,2024-08,242.29,2024-08-28
5435,7,Maintenance,2024-08,495.26,2024-08-28
5436,7,Waste Management,2024-08,147.85,2024-08-28
5437,8,Rent,2024-08,7477.32,2024-08-28
5438,8,Electricity,2024-08,991.03,2024-08-28
5439,8,Water,2024-08,137.36,2024-08-28
5440,8,Internet,2024-08,242.29,2024-08-28
5441,8,Maintenance,2024-08,725.98,2024-08-28
5442,8,Waste Management,2024-08,169.62,2024-08-28
5443,9,Rent,2024-08,5854.33,2024-08-28
5444,9,Electricity,2024-08,750.37,2024-08-28
5445,9,Water,2024-08,111.47,2024-08-28
5446,9,Internet,2024-08,242.29,2024-08-28
5447,9,Maintenance,2024-08,548.48,2024-08-28
5448,9,Waste Management,2024-08,125.26,2024-08-28
5449,10,Rent,2024-08,7245.46,2024-08-28
5450,10,Electricity,2024-08,998.36,2024-08-28
5451,10,Water,2024-08,123.01,2024-08-28
5452,10,Internet,2024-08,242.29,2024-08-28
5453,10,Maintenance,2024-08,599.89,2024-08-28
5454,10,Waste Management,2024-08,161.29,2024-08-28
5455,11,Rent,2024-08,6955.64,2024-08-28
5456,11,Electricity,2024-08,937.07,2024-08-28
5457,11,Water,2024-08,120.49,2024-08-28
5458,11,Internet,2024-08,242.29,2024-08-28
5459,11,Maintenance,2024-08,519.31,2024-08-28
5460,11,Waste Management,2024-08,157.74,2024-08-28
5461,12,Rent,2024-08,5622.48,2024-08-28
5462,12,Electricity,2024-08,693.28,2024-08-28
5463,12,Water,2024-08,103.66,2024-08-28
5464,12,Internet,2024-08,242.29,2024-08-28
5465,12,Maintenance,2024-08,389.89,2024-08-28
5466,12,Waste Management,2024-08,122.60,2024-08-28
5467,13,Rent,2024-08,3825.60,2024-08-28
5468,13,Electricity,2024-08,496.94,2024-08-28
5469,13,Water,2024-08,71.60,2024-08-28
5470,13,Internet,2024-08,242.29,2024-08-28
5471,13,Maintenance,2024-08,281.26,2024-08-28
5472,13,Waste Management,2024-08,88.64,2024-08-28
5473,14,Rent,2024-08,6260.08,2024-08-28
5474,14,Electricity,2024-08,835.87,2024-08-28
5475,14,Water,2024-08,103.80,2024-08-28
5476,14,Internet,2024-08,242.29,2024-08-28
5477,14,Maintenance,2024-08,720.81,2024-08-28
5478,14,Waste Management,2024-08,137.41,2024-08-28
5479,15,Rent,2024-08,5912.30,2024-08-28
5480,15,Electricity,2024-08,816.99,2024-08-28
5481,15,Water,2024-08,106.62,2024-08-28
5482,15,Internet,2024-08,242.29,2024-08-28
5483,15,Maintenance,2024-08,592.91,2024-08-28
5484,15,Waste Management,2024-08,125.62,2024-08-28
5485,16,Rent,2024-08,8462.70,2024-08-28
5486,16,Electricity,2024-08,1025.56,2024-08-28
5487,16,Water,2024-08,147.20,2024-08-28
5488,16,Internet,2024-08,242.29,2024-08-28
5489,16,Maintenance,2024-08,666.61,2024-08-28
5490,16,Waste Management,2024-08,189.95,2024-08-28
5491,17,Rent,2024-08,8114.92,2024-08-28
5492,17,Electricity,2024-08,1125.76,2024-08-28
5493,17,Water,2024-08,152.70,2024-08-28
5494,17,Internet,2024-08,242.29,2024-08-28
5495,17,Maintenance,2024-08,741.27,2024-08-28
5496,17,Waste Management,2024-08,178.79,2024-08-28
5497,1,Rent,2024-09,15012.60,2024-09-28
5498,1,Electricity,2024-09,2008.76,2024-09-28
5499,1,Water,2024-09,292.52,2024-09-28
5500,1,Internet,2024-09,242.29,2024-09-28
5501,1,Maintenance,2024-09,1273.38,2024-09-28
5502,1,Waste Management,2024-09,332.32,2024-09-28
5503,2,Rent,2024-09,11534.78,2024-09-28
5504,2,Electricity,2024-09,1504.49,2024-09-28
5505,2,Water,2024-09,209.64,2024-09-28
5506,2,Internet,2024-09,242.29,2024-09-28
5507,2,Maintenance,2024-09,1233.00,2024-09-28
5508,2,Waste Management,2024-09,259.12,2024-09-28
5509,3,Rent,2024-09,9564.01,2024-09-28
5510,3,Electricity,2024-09,1308.24,2024-09-28
5511,3,Water,2024-09,173.40,2024-09-28
5512,3,Internet,2024-09,242.29,2024-09-28
5513,3,Maintenance,2024-09,1060.17,2024-09-28
5514,3,Waste Management,2024-09,214.97,2024-09-28
5515,4,Rent,2024-09,7767.14,2024-09-28
5516,4,Electricity,2024-09,961.64,2024-09-28
5517,4,Water,2024-09,134.37,2024-09-28
5518,4,Internet,2024-09,242.29,2024-09-28
5519,4,Maintenance,2024-09,585.31,2024-09-28
5520,4,Waste Management,2024-09,165.17,2024-09-28
5521,5,Rent,2024-09,6028.23,2024-09-28
5522,5,Electricity,2024-09,723.97,2024-09-28
5523,5,Water,2024-09,99.39,2024-09-28
5524,5,Internet,2024-09,242.29,2024-09-28
5525,5,Maintenance,2024-09,563.10,2024-09-28
5526,5,Waste Management,2024-09,139.89,2024-09-28
5527,6,Rent,2024-09,7941.03,2024-09-28
5528,6,Electricity,2024-09,990.94,2024-09-28
5529,6,Water,2024-09,133.93,2024-09-28
5530,6,Internet,2024-09,242.29,2024-09-28
5531,6,Maintenance,2024-09,902.01,2024-09-28
5532,6,Waste Management,2024-09,179.22,2024-09-28
5533,7,Rent,2024-09,6839.72,2024-09-28
5534,7,Electricity,2024-09,842.42,2024-09-28
5535,7,Water,2024-09,112.82,2024-09-28
5536,7,Internet,2024-09,242.29,2024-09-28
5537,7,Maintenance,2024-09,503.78,2024-09-28
5538,7,Waste Management,2024-09,149.45,2024-09-28
5539,8,Rent,2024-09,7477.32,2024-09-28
5540,8,Electricity,2024-09,1017.78,2024-09-28
5541,8,Water,2024-09,126.37,2024-09-28
5542,8,Internet,2024-09,242.29,2024-09-28
5543,8,Maintenance,2024-09,800.21,2024-09-28
5544,8,Waste Management,2024-09,162.26,2024-09-28
5545,9,Rent,2024-09,5854.33,2024-09-28
5546,9,Electricity,2024-09,773.44,2024-09-28
5547,9,Water,2024-09,101.24,2024-09-28
5548,9,Internet,2024-09,242.29,2024-09-28
5549,9,Maintenance,2024-09,584.11,2024-09-28
5550,9,Waste Management,2024-09,135.58,2024-09-28
5551,10,Rent,2024-09,7245.46,2024-09-28
5552,10,Electricity,2024-09,915.46,2024-09-28
5553,10,Water,2024-09,141.20,2024-09-28
5554,10,Internet,2024-09,242.29,2024-09-28
5555,10,Maintenance,2024-09,626.77,2024-09-28
5556,10,Waste Management,2024-09,162.36,2024-09-28
5557,11,Rent,2024-09,6955.64,2024-09-28
5558,11,Electricity,2024-09,929.82,2024-09-28
5559,11,Water,2024-09,132.85,2024-09-28
5560,11,Internet,2024-09,242.29,2024-09-28
5561,11,Maintenance,2024-09,550.85,2024-09-28
5562,11,Waste Management,2024-09,150.68,2024-09-28
5563,12,Rent,2024-09,5622.48,2024-09-28
5564,12,Electricity,2024-09,749.45,2024-09-28
5565,12,Water,2024-09,95.15,2024-09-28
5566,12,Internet,2024-09,242.29,2024-09-28
5567,12,Maintenance,2024-09,491.34,2024-09-28
5568,12,Waste Management,2024-09,124.86,2024-09-28
5569,13,Rent,2024-09,3825.60,2024-09-28
5570,13,Electricity,2024-09,465.76,2024-09-28
5571,13,Water,2024-09,72.80,2024-09-28
5572,13,Internet,2024-09,242.29,2024-09-28
5573,13,Maintenance,2024-09,288.76,2024-09-28
5574,13,Waste Management,2024-09,83.12,2024-09-28
5575,14,Rent,2024-09,6260.08,2024-09-28
5576,14,Electricity,2024-09,832.86,2024-09-28
5577,14,Water,2024-09,117.25,2024-09-28
5578,14,Internet,2024-09,242.29,2024-09-28
5579,14,Maintenance,2024-09,536.95,2024-09-28
5580,14,Waste Management,2024-09,136.42,2024-09-28
5581,15,Rent,2024-09,5912.30,2024-09-28
5582,15,Electricity,2024-09,803.19,2024-09-28
5583,15,Water,2024-09,103.54,2024-09-28
5584,15,Internet,2024-09,242.29,2024-09-28
5585,15,Maintenance,2024-09,625.09,2024-09-28
5586,15,Waste Management,2024-09,131.47,2024-09-28
5587,16,Rent,2024-09,8462.70,2024-09-28
5588,16,Electricity,2024-09,1177.69,2024-09-28
5589,16,Water,2024-09,155.14,2024-09-28
5590,16,Internet,2024-09,242.29,2024-09-28
5591,16,Maintenance,2024-09,887.09,2024-09-28
5592,16,Waste Management,2024-09,196.53,2024-09-28
5593,17,Rent,2024-09,8114.92,2024-09-28
5594,17,Electricity,2024-09,978.53,2024-09-28
5595,17,Water,2024-09,137.20,2024-09-28
5596,17,Internet,2024-09,242.29,2024-09-28
5597,17,Maintenance,2024-09,716.79,2024-09-28
5598,17,Waste Management,2024-09,172.66,2024-09-28
5599,1,Rent,2024-10,15012.60,2024-10-28
5600,1,Electricity,2024-10,1829.46,2024-10-28
5601,1,Water,2024-10,291.27,2024-10-28
5602,1,Internet,2024-10,242.29,2024-10-28
5603,1,Maintenance,2024-10,1441.74,2024-10-28
5604,1,Waste Management,2024-10,342.27,2024-10-28
5605,2,Rent,2024-10,11534.78,2024-10-28
5606,2,Electricity,2024-10,1414.66,2024-10-28
5607,2,Water,2024-10,219.89,2024-10-28
5608,2,Internet,2024-10,242.29,2024-10-28
5609,2,Maintenance,2024-10,1038.37,2024-10-28
5610,2,Waste Management,2024-10,260.16,2024-10-28
5611,3,Rent,2024-10,9564.01,2024-10-28
5612,3,Electricity,2024-10,1316.00,2024-10-28
5613,3,Water,2024-10,182.73,2024-10-28
5614,3,Internet,2024-10,242.29,2024-10-28
5615,3,Maintenance,2024-10,961.96,2024-10-28
5616,3,Waste Management,2024-10,206.13,2024-10-28
5617,4,Rent,2024-10,7767.14,2024-10-28
5618,4,Electricity,2024-10,1082.72,2024-10-28
5619,4,Water,2024-10,143.11,2024-10-28
5620,4,Internet,2024-10,242.29,2024-10-28
5621,4,Maintenance,2024-10,870.93,2024-10-28
5622,4,Waste Management,2024-10,178.42,2024-10-28
5623,5,Rent,2024-10,6028.23,2024-10-28
5624,5,Electricity,2024-10,760.53,2024-10-28
5625,5,Water,2024-10,100.16,2024-10-28
5626,5,Internet,2024-10,242.29,2024-10-28
5627,5,Maintenance,2024-10,576.43,2024-10-28
5628,5,Waste Management,2024-10,128.11,2024-10-28
5629,6,Rent,2024-10,7941.03,2024-10-28
5630,6,Electricity,2024-10,959.99,2024-10-28
5631,6,Water,2024-10,136.97,2024-10-28
5632,6,Internet,2024-10,242.29,2024-10-28
5633,6,Maintenance,2024-10,744.27,2024-10-28
5634,6,Waste Management,2024-10,179.74,2024-10-28
5635,7,Rent,2024-10,6839.72,2024-10-28
5636,7,Electricity,2024-10,852.93,2024-10-28
5637,7,Water,2024-10,115.68,2024-10-28
5638,7,Internet,2024-10,242.29,2024-10-28
5639,7,Maintenance,2024-10,690.12,2024-10-28
5640,7,Waste Management,2024-10,156.22,2024-10-28
5641,8,Rent,2024-10,7477.32,2024-10-28
5642,8,Electricity,2024-10,904.85,2024-10-28
5643,8,Water,2024-10,123.53,2024-10-28
5644,8,Internet,2024-10,242.29,2024-10-28
5645,8,Maintenance,2024-10,802.15,2024-10-28
5646,8,Waste Management,2024-10,170.67,2024-10-28
5647,9,Rent,2024-10,5854.33,2024-10-28
5648,9,Electricity,2024-10,795.66,2024-10-28
5649,9,Water,2024-10,95.22,2024-10-28
5650,9,Internet,2024-10,242.29,2024-10-28
5651,9,Maintenance,2024-10,414.47,2024-10-28
5652,9,Waste Management,2024-10,128.57,2024-10-28
5653,10,Rent,2024-10,7245.46,2024-10-28
5654,10,Electricity,2024-10,994.42,2024-10-28
5655,10,Water,2024-10,125.12,2024-10-28
5656,10,Internet,2024-10,242.29,2024-10-28
5657,10,Maintenance,2024-10,580.39,2024-10-28
5658,10,Waste Management,2024-10,163.61,2024-10-28
5659,11,Rent,2024-10,6955.64,2024-10-28
5660,11,Electricity,2024-10,905.83,2024-10-28
5661,11,Water,2024-10,114.74,2024-10-28
5662,11,Internet,2024-10,242.29,2024-10-28
5663,11,Maintenance,2024-10,602.97,2024-10-28
5664,11,Waste Management,2024-10,151.86,2024-10-28
5665,12,Rent,2024-10,5622.48,2024-10-28
5666,12,Electricity,2024-10,782.91,2024-10-28
5667,12,Water,2024-10,91.15,2024-10-28
5668,12,Internet,2024-10,242.29,2024-10-28
5669,12,Maintenance,2024-10,594.37,2024-10-28
5670,12,Waste Management,2024-10,123.75,2024-10-28
5671,13,Rent,2024-10,3825.60,2024-10-28
5672,13,Electricity,2024-10,471.43,2024-10-28
5673,13,Water,2024-10,74.09,2024-10-28
5674,13,Internet,2024-10,242.29,2024-10-28
5675,13,Maintenance,2024-10,351.94,2024-10-28
5676,13,Waste Management,2024-10,84.71,2024-10-28
5677,14,Rent,2024-10,6260.08,2024-10-28
5678,14,Electricity,2024-10,828.87,2024-10-28
5679,14,Water,2024-10,120.20,2024-10-28
5680,14,Internet,2024-10,242.29,2024-10-28
5681,14,Maintenance,2024-10,674.81,2024-10-28
5682,14,Waste Management,2024-10,134.62,2024-10-28
5683,15,Rent,2024-10,5912.30,2024-10-28
5684,15,Electricity,2024-10,757.17,2024-10-28
5685,15,Water,2024-10,102.79,2024-10-28
5686,15,Internet,2024-10,242.29,2024-10-28
5687,15,Maintenance,2024-10,447.57,2024-10-28
5688,15,Waste Management,2024-10,137.06,2024-10-28
5689,16,Rent,2024-10,8462.70,2024-10-28
5690,16,Electricity,2024-10,1087.88,2024-10-28
5691,16,Water,2024-10,144.71,2024-10-28
5692,16,Internet,2024-10,242.29,2024-10-28
5693,16,Maintenance,2024-10,596.60,2024-10-28
5694,16,Waste Management,2024-10,195.68,2024-10-28
5695,17,Rent,2024-10,8114.92,2024-10-28
5696,17,Electricity,2024-10,1073.20,2024-10-28
5697,17,Water,2024-10,133.09,2024-10-28
5698,17,Internet,2024-10,242.29,2024-10-28
5699,17,Maintenance,2024-10,878.09,2024-10-28
5700,17,Waste Management,2024-10,174.45,2024-10-28
5701,1,Rent,2024-11,15012.60,2024-11-28
5702,1,Electricity,2024-11,1899.02,2024-11-28
5703,1,Water,2024-11,279.36,2024-11-28
5704,1,Internet,2024-11,242.29,2024-11-28
5705,1,Maintenance,2024-11,1692.79,2024-11-28
5706,1,Waste Management,2024-11,333.73,2024-11-28
5707,2,Rent,2024-11,11534.78,2024-11-28
5708,2,Electricity,2024-11,1592.71,2024-11-28
5709,2,Water,2024-11,207.64,2024-11-28
5710,2,Internet,2024-11,242.29,2024-11-28
5711,2,Maintenance,2024-11,1224.16,2024-11-28
5712,2,Waste Management,2024-11,260.81,2024-11-28
5713,3,Rent,2024-11,9564.01,2024-11-28
5714,3,Electricity,2024-11,1170.63,2024-11-28
5715,3,Water,2024-11,156.06,2024-11-28
5716,3,Internet,2024-11,242.29,2024-11-28
5717,3,Maintenance,2024-11,888.25,2024-11-28
5718,3,Waste Management,2024-11,211.83,2024-11-28
5719,4,Rent,2024-11,7767.14,2024-11-28
5720,4,Electricity,2024-11,1076.55,2024-11-28
5721,4,Water,2024-11,128.42,2024-11-28
5722,4,Internet,2024-11,242.29,2024-11-28
5723,4,Maintenance,2024-11,818.05,2024-11-28
5724,4,Waste Management,2024-11,178.67,2024-11-28
5725,5,Rent,2024-11,6028.23,2024-11-28
5726,5,Electricity,2024-11,762.75,2024-11-28
5727,5,Water,2024-11,107.29,2024-11-28
5728,5,Internet,2024-11,242.29,2024-11-28
5729,5,Maintenance,2024-11,470.31,2024-11-28
5730,5,Waste Management,2024-11,136.39,2024-11-28
5731,6,Rent,2024-11,7941.03,2024-11-28
5732,6,Electricity,2024-11,1050.39,2024-11-28
5733,6,Water,2024-11,150.85,2024-11-28
5734,6,Internet,2024-11,242.29,2024-11-28
5735,6,Maintenance,2024-11,669.46,2024-11-28
5736,6,Waste Management,2024-11,179.41,2024-11-28
5737,7,Rent,2024-11,6839.72,2024-11-28
5738,7,Electricity,2024-11,941.88,2024-11-28
5739,7,Water,2024-11,123.26,2024-11-28
5740,7,Internet,2024-11,242.29,2024-11-28
5741,7,Maintenance,2024-11,585.22,2024-11-28
5742,7,Waste Management,2024-11,147.95,2024-11-28
5743,8,Rent,2024-11,7477.32,2024-11-28
5744,8,Electricity,2024-11,902.09,2024-11-28
5745,8,Water,2024-11,133.47,2024-11-28
5746,8,Internet,2024-11,242.29,2024-11-28
5747,8,Maintenance,2024-11,556.05,2024-11-28
5748,8,Waste Management,2024-11,159.70,2024-11-28
5749,9,Rent,2024-11,5854.33,2024-11-28
5750,9,Electricity,2024-11,766.21,2024-11-28
5751,9,Water,2024-11,101.80,2024-11-28
5752,9,Internet,2024-11,242.29,2024-11-28
5753,9,Maintenance,2024-11,446.85,2024-11-28
5754,9,Waste Management,2024-11,133.01,2024-11-28
5755,10,Rent,2024-11,7245.46,2024-11-28
5756,10,Electricity,2024-11,872.58,2024-11-28
5757,10,Water,2024-11,124.22,2024-11-28
5758,10,Internet,2024-11,242.29,2024-11-28
5759,10,Maintenance,2024-11,714.04,2024-11-28
5760,10,Waste Management,2024-11,158.91,2024-11-28
5761,11,Rent,2024-11,6955.64,2024-11-28
5762,11,Electricity,2024-11,901.35,2024-11-28
5763,11,Water,2024-11,135.74,2024-11-28
5764,11,Internet,2024-11,242.29,2024-11-28
5765,11,Maintenance,2024-11,744.14,2024-11-28
5766,11,Waste Management,2024-11,152.00,2024-11-28
5767,12,Rent,2024-11,5622.48,2024-11-28
5768,12,Electricity,2024-11,749.35,2024-11-28
5769,12,Water,2024-11,95.51,2024-11-28
5770,12,Internet,2024-11,242.29,2024-11-28
5771,12,Maintenance,2024-11,560.45,2024-11-28
5772,12,Waste Management,2024-11,130.06,2024-11-28
5773,13,Rent,2024-11,3825.60,2024-11-28
5774,13,Electricity,2024-11,503.42,2024-11-28
5775,13,Water,2024-11,72.07,2024-11-28
5776,13,Internet,2024-11,242.29,2024-11-28
5777,13,Maintenance,2024-11,285.31,2024-11-28
5778,13,Waste Management,2024-11,87.94,2024-11-28
5779,14,Rent,2024-11,6260.08,2024-11-28
5780,14,Electricity,2024-11,751.20,2024-11-28
5781,14,Water,2024-11,121.91,2024-11-28
5782,14,Internet,2024-11,242.29,2024-11-28
5783,14,Maintenance,2024-11,665.33,2024-11-28
5784,14,Waste Management,2024-11,132.51,2024-11-28
5785,15,Rent,2024-11,5912.30,2024-11-28
5786,15,Electricity,2024-11,775.65,2024-11-28
5787,15,Water,2024-11,100.17,2024-11-28
5788,15,Internet,2024-11,242.29,2024-11-28
5789,15,Maintenance,2024-11,582.33,2024-11-28
5790,15,Waste Management,2024-11,130.09,2024-11-28
5791,16,Rent,2024-11,8462.70,2024-11-28
5792,16,Electricity,2024-11,1152.88,2024-11-28
5793,16,Water,2024-11,143.58,2024-11-28
5794,16,Internet,2024-11,242.29,2024-11-28
5795,16,Maintenance,2024-11,876.43,2024-11-28
5796,16,Waste Management,2024-11,187.92,2024-11-28
5797,17,Rent,2024-11,8114.92,2024-11-28
5798,17,Electricity,2024-11,1040.54,2024-11-28
5799,17,Water,2024-11,146.56,2024-11-28
5800,17,Internet,2024-11,242.29,2024-11-28
5801,17,Maintenance,2024-11,904.81,2024-11-28
5802,17,Waste Management,2024-11,170.92,2024-11-28
5803,1,Rent,2024-12,15012.60,2024-12-28
5804,1,Electricity,2024-12,1936.05,2024-12-28
5805,1,Water,2024-12,262.78,2024-12-28
5806,1,Internet,2024-12,242.29,2024-12-28
5807,1,Maintenance,2024-12,1249.82,2024-12-28
5808,1,Waste Management,2024-12,337.44,2024-12-28
5809,2,Rent,2024-12,11534.78,2024-12-28
5810,2,Electricity,2024-12,1541.19,2024-12-28
5811,2,Water,2024-12,194.86,2024-12-28
5812,2,Internet,2024-12,242.29,2024-12-28
5813,2,Maintenance,2024-12,1161.48,2024-12-28
5814,2,Waste Management,2024-12,250.49,2024-12-28
5815,3,Rent,2024-12,9564.01,2024-12-28
5816,3,Electricity,2024-12,1184.13,2024-12-28
5817,3,Water,2024-12,161.31,2024-12-28
5818,3,Internet,2024-12,242.29,2024-12-28
5819,3,Maintenance,2024-12,786.50,2024-12-28
5820,3,Waste Management,2024-12,208.67,2024-12-28
5821,4,Rent,2024-12,7767.14,2024-12-28
5822,4,Electricity,2024-12,941.09,2024-12-28
5823,4,Water,2024-12,125.31,2024-12-28
5824,4,Internet,2024-12,242.29,2024-12-28
5825,4,Maintenance,2024-12,609.59,2024-12-28
5826,4,Waste Management,2024-12,178.55,2024-12-28
5827,5,Rent,2024-12,6028.23,2024-12-28
5828,5,Electricity,2024-12,731.36,2024-12-28
5829,5,Water,2024-12,114.80,2024-12-28
5830,5,Internet,2024-12,242.29,2024-12-28
5831,5,Maintenance,2024-12,690.20,2024-12-28
5832,5,Waste Management,2024-12,127.52,2024-12-28
5833,6,Rent,2024-12,7941.03,2024-12-28
5834,6,Electricity,2024-12,1086.24,2024-12-28
5835,6,Water,2024-12,144.95,2024-12-28
5836,6,Internet,2024-12,242.29,2024-12-28
5837,6,Maintenance,2024-12,834.01,2024-12-28
5838,6,Waste Management,2024-12,173.64,2024-12-28
5839,7,Rent,2024-12,6839.72,2024-12-28
5840,7,Electricity,2024-12,914.19,2024-12-28
5841,7,Water,2024-12,131.14,2024-12-28
5842,7,Internet,2024-12,242.29,2024-12-28
5843,7,Maintenance,2024-12,719.79,2024-12-28
5844,7,Waste Management,2024-12,145.74,2024-12-28
5845,8,Rent,2024-12,7477.32,2024-12-28
5846,8,Electricity,2024-12,993.84,2024-12-28
5847,8,Water,2024-12,135.14,2024-12-28
5848,8,Internet,2024-12,242.29,2024-12-28
5849,8,Maintenance,2024-12,688.02,2024-12-28
5850,8,Waste Management,2024-12,173.63,2024-12-28
5851,9,Rent,2024-12,5854.33,2024-12-28
5852,9,Electricity,2024-12,818.49,2024-12-28
5853,9,Water,2024-12,106.92,2024-12-28
5854,9,Internet,2024-12,242.29,2024-12-28
5855,9,Maintenance,2024-12,642.30,2024-12-28
5856,9,Waste Management,2024-12,125.16,2024-12-28
5857,10,Rent,2024-12,7245.46,2024-12-28
5858,10,Electricity,2024-12,900.49,2024-12-28
5859,10,Water,2024-12,127.79,2024-12-28
5860,10,Internet,2024-12,242.29,2024-12-28
5861,10,Maintenance,2024-12,642.15,2024-12-28
5862,10,Waste Management,2024-12,154.68,2024-12-28
5863,11,Rent,2024-12,6955.64,2024-12-28
5864,11,Electricity,2024-12,853.27,2024-12-28
5865,11,Water,2024-12,133.73,2024-12-28
5866,11,Internet,2024-12,242.29,2024-12-28
5867,11,Maintenance,2024-12,751.29,2024-12-28
5868,11,Waste Management,2024-12,151.14,2024-12-28
5869,12,Rent,2024-12,5622.48,2024-12-28
5870,12,Electricity,2024-12,717.63,2024-12-28
5871,12,Water,2024-12,106.88,2024-12-28
5872,12,Internet,2024-12,242.29,2024-12-28
5873,12,Maintenance,2024-12,631.50,2024-12-28
5874,12,Waste Management,2024-12,122.92,2024-12-28
5875,13,Rent,2024-12,3825.60,2024-12-28
5876,13,Electricity,2024-12,489.61,2024-12-28
5877,13,Water,2024-12,71.72,2024-12-28
5878,13,Internet,2024-12,242.29,2024-12-28
5879,13,Maintenance,2024-12,280.52,2024-12-28
5880,13,Waste Management,2024-12,84.72,2024-12-28
5881,14,Rent,2024-12,6260.08,2024-12-28
5882,14,Electricity,2024-12,871.20,2024-12-28
5883,14,Water,2024-12,118.24,2024-12-28
5884,14,Internet,2024-12,242.29,2024-12-28
5885,14,Maintenance,2024-12,492.60,2024-12-28
5886,14,Waste Management,2024-12,144.42,2024-12-28
5887,15,Rent,2024-12,5912.30,2024-12-28
5888,15,Electricity,2024-12,788.35,2024-12-28
5889,15,Water,2024-12,111.55,2024-12-28
5890,15,Internet,2024-12,242.29,2024-12-28
5891,15,Maintenance,2024-12,400.57,2024-12-28
5892,15,Waste Management,2024-12,130.06,2024-12-28
5893,16,Rent,2024-12,8462.70,2024-12-28
5894,16,Electricity,2024-12,1028.14,2024-12-28
5895,16,Water,2024-12,144.70,2024-12-28
5896,16,Internet,2024-12,242.29,2024-12-28
5897,16,Maintenance,2024-12,622.71,2024-12-28
5898,16,Waste Management,2024-12,195.40,2024-12-28
5899,17,Rent,2024-12,8114.92,2024-12-28
5900,17,Electricity,2024-12,1130.11,2024-12-28
5901,17,Water,2024-12,134.53,2024-12-28
5902,17,Internet,2024-12,242.29,2024-12-28
5903,17,Maintenance,2024-12,613.00,2024-12-28
5904,17,Waste Management,2024-12,178.33,2024-12-28
