br_exp_ID,br_ID,br_utils_ID,billing_period,payment_amount,payment_date
3415,1,1,2022-01,14575.34,2022-01-28
3416,1,2,2022-01,2035.10,2022-01-28
3417,1,3,2022-01,263.59,2022-01-28
3418,1,4,2022-01,235.23,2022-01-28
3419,1,5,2022-01,1653.89,2022-01-28
3420,1,6,2022-01,307.86,2022-01-28
3421,2,1,2022-01,11198.81,2022-01-28
3422,2,2,2022-01,1541.16,2022-01-28
3423,2,3,2022-01,187.53,2022-01-28
3424,2,4,2022-01,235.23,2022-01-28
3425,2,5,2022-01,1002.65,2022-01-28
3426,2,6,2022-01,244.64,2022-01-28
3427,3,1,2022-01,9285.45,2022-01-28
3428,3,2,2022-01,1118.32,2022-01-28
3429,3,3,2022-01,177.60,2022-01-28
3430,3,4,2022-01,235.23,2022-01-28
3431,3,5,2022-01,959.52,2022-01-28
3432,3,6,2022-01,207.47,2022-01-28
3433,4,1,2022-01,7540.91,2022-01-28
3434,4,2,2022-01,1002.73,2022-01-28
3435,4,3,2022-01,133.76,2022-01-28
3436,4,4,2022-01,235.23,2022-01-28
3437,4,5,2022-01,637.33,2022-01-28
3438,4,6,2022-01,170.89,2022-01-28
3439,5,1,2022-01,5852.65,2022-01-28
3440,5,2,2022-01,703.51,2022-01-28
3441,5,3,2022-01,106.04,2022-01-28
3442,5,4,2022-01,235.23,2022-01-28
3443,5,5,2022-01,675.15,2022-01-28
3444,5,6,2022-01,130.84,2022-01-28
3445,6,1,2022-01,7709.74,2022-01-28
3446,6,2,2022-01,954.30,2022-01-28
3447,6,3,2022-01,143.86,2022-01-28
3448,6,4,2022-01,235.23,2022-01-28
3449,6,5,2022-01,651.81,2022-01-28
3450,6,6,2022-01,171.90,2022-01-28
3451,7,1,2022-01,6640.50,2022-01-28
3452,7,2,2022-01,919.72,2022-01-28
3453,7,3,2022-01,128.71,2022-01-28
3454,7,4,2022-01,235.23,2022-01-28
3455,7,5,2022-01,763.97,2022-01-28
3456,7,6,2022-01,150.51,2022-01-28
3457,8,1,2022-01,7259.53,2022-01-28
3458,8,2,2022-01,961.99,2022-01-28
3459,8,3,2022-01,121.56,2022-01-28
3460,8,4,2022-01,235.23,2022-01-28
3461,8,5,2022-01,487.40,2022-01-28
3462,8,6,2022-01,165.44,2022-01-28
3463,9,1,2022-01,5683.82,2022-01-28
3464,9,2,2022-01,727.80,2022-01-28
3465,9,3,2022-01,104.31,2022-01-28
3466,9,4,2022-01,235.23,2022-01-28
3467,9,5,2022-01,429.18,2022-01-28
3468,9,6,2022-01,125.19,2022-01-28
3469,10,1,2022-01,7034.43,2022-01-28
3470,10,2,2022-01,850.42,2022-01-28
3471,10,3,2022-01,121.73,2022-01-28
3472,10,4,2022-01,235.23,2022-01-28
3473,10,5,2022-01,581.11,2022-01-28
3474,10,6,2022-01,162.87,2022-01-28
3475,11,1,2022-01,6753.05,2022-01-28
3476,11,2,2022-01,886.86,2022-01-28
3477,11,3,2022-01,113.01,2022-01-28
3478,11,4,2022-01,235.23,2022-01-28
3479,11,5,2022-01,453.81,2022-01-28
3480,11,6,2022-01,150.23,2022-01-28
3481,12,1,2022-01,5458.72,2022-01-28
3482,12,2,2022-01,683.39,2022-01-28
3483,12,3,2022-01,101.34,2022-01-28
3484,12,4,2022-01,235.23,2022-01-28
3485,12,5,2022-01,522.73,2022-01-28
3486,12,6,2022-01,121.17,2022-01-28
3487,1,1,2022-02,14575.34,2022-02-28
3488,1,2,2022-02,1971.18,2022-02-28
3489,1,3,2022-02,264.59,2022-02-28
3490,1,4,2022-02,235.23,2022-02-28
3491,1,5,2022-02,1613.09,2022-02-28
3492,1,6,2022-02,338.63,2022-02-28
3493,2,1,2022-02,11198.81,2022-02-28
3494,2,2,2022-02,1526.15,2022-02-28
3495,2,3,2022-02,195.61,2022-02-28
3496,2,4,2022-02,235.23,2022-02-28
3497,2,5,2022-02,1200.57,2022-02-28
3498,2,6,2022-02,239.30,2022-02-28
3499,3,1,2022-02,9285.45,2022-02-28
3500,3,2,2022-02,1222.26,2022-02-28
3501,3,3,2022-02,175.61,2022-02-28
3502,3,4,2022-02,235.23,2022-02-28
3503,3,5,2022-02,1050.26,2022-02-28
3504,3,6,2022-02,213.25,2022-02-28
3505,4,1,2022-02,7540.91,2022-02-28
3506,4,2,2022-02,1051.13,2022-02-28
3507,4,3,2022-02,146.85,2022-02-28
3508,4,4,2022-02,235.23,2022-02-28
3509,4,5,2022-02,524.03,2022-02-28
3510,4,6,2022-02,171.74,2022-02-28
3511,5,1,2022-02,5852.65,2022-02-28
3512,5,2,2022-02,792.06,2022-02-28
3513,5,3,2022-02,114.52,2022-02-28
3514,5,4,2022-02,235.23,2022-02-28
3515,5,5,2022-02,484.30,2022-02-28
3516,5,6,2022-02,131.82,2022-02-28
3517,6,1,2022-02,7709.74,2022-02-28
3518,6,2,2022-02,1008.13,2022-02-28
3519,6,3,2022-02,127.59,2022-02-28
3520,6,4,2022-02,235.23,2022-02-28
3521,6,5,2022-02,647.65,2022-02-28
3522,6,6,2022-02,178.22,2022-02-28
3523,7,1,2022-02,6640.50,2022-02-28
3524,7,2,2022-02,845.21,2022-02-28
3525,7,3,2022-02,126.38,2022-02-28
3526,7,4,2022-02,235.23,2022-02-28
3527,7,5,2022-02,655.09,2022-02-28
3528,7,6,2022-02,147.98,2022-02-28
3529,8,1,2022-02,7259.53,2022-02-28
3530,8,2,2022-02,922.11,2022-02-28
3531,8,3,2022-02,124.50,2022-02-28
3532,8,4,2022-02,235.23,2022-02-28
3533,8,5,2022-02,488.66,2022-02-28
3534,8,6,2022-02,166.67,2022-02-28
3535,9,1,2022-02,5683.82,2022-02-28
3536,9,2,2022-02,692.55,2022-02-28
3537,9,3,2022-02,96.57,2022-02-28
3538,9,4,2022-02,235.23,2022-02-28
3539,9,5,2022-02,569.87,2022-02-28
3540,9,6,2022-02,130.55,2022-02-28
3541,10,1,2022-02,7034.43,2022-02-28
3542,10,2,2022-02,938.29,2022-02-28
3543,10,3,2022-02,126.57,2022-02-28
3544,10,4,2022-02,235.23,2022-02-28
3545,10,5,2022-02,750.02,2022-02-28
3546,10,6,2022-02,152.97,2022-02-28
3547,11,1,2022-02,6753.05,2022-02-28
3548,11,2,2022-02,831.59,2022-02-28
3549,11,3,2022-02,127.33,2022-02-28
3550,11,4,2022-02,235.23,2022-02-28
3551,11,5,2022-02,654.69,2022-02-28
3552,11,6,2022-02,142.88,2022-02-28
3553,12,1,2022-02,5458.72,2022-02-28
3554,12,2,2022-02,736.97,2022-02-28
3555,12,3,2022-02,100.06,2022-02-28
3556,12,4,2022-02,235.23,2022-02-28
3557,12,5,2022-02,473.00,2022-02-28
3558,12,6,2022-02,117.15,2022-02-28
3559,1,1,2022-03,14575.34,2022-03-28
3560,1,2,2022-03,1954.52,2022-03-28
3561,1,3,2022-03,252.95,2022-03-28
3562,1,4,2022-03,235.23,2022-03-28
3563,1,5,2022-03,1247.10,2022-03-28
3564,1,6,2022-03,320.89,2022-03-28
3565,2,1,2022-03,11198.81,2022-03-28
3566,2,2,2022-03,1751.86,2022-03-28
3567,2,3,2022-03,202.72,2022-03-28
3568,2,4,2022-03,235.23,2022-03-28
3569,2,5,2022-03,920.92,2022-03-28
3570,2,6,2022-03,252.12,2022-03-28
3571,3,1,2022-03,9285.45,2022-03-28
3572,3,2,2022-03,1454.83,2022-03-28
3573,3,3,2022-03,169.05,2022-03-28
3574,3,4,2022-03,235.23,2022-03-28
3575,3,5,2022-03,1058.29,2022-03-28
3576,3,6,2022-03,210.08,2022-03-28
3577,4,1,2022-03,7540.91,2022-03-28
3578,4,2,2022-03,1063.89,2022-03-28
3579,4,3,2022-03,130.95,2022-03-28
3580,4,4,2022-03,235.23,2022-03-28
3581,4,5,2022-03,737.19,2022-03-28
3582,4,6,2022-03,171.11,2022-03-28
3583,5,1,2022-03,5852.65,2022-03-28
3584,5,2,2022-03,867.11,2022-03-28
3585,5,3,2022-03,109.39,2022-03-28
3586,5,4,2022-03,235.23,2022-03-28
3587,5,5,2022-03,439.04,2022-03-28
3588,5,6,2022-03,129.43,2022-03-28
3589,6,1,2022-03,7709.74,2022-03-28
3590,6,2,2022-03,1056.75,2022-03-28
3591,6,3,2022-03,136.49,2022-03-28
3592,6,4,2022-03,235.23,2022-03-28
3593,6,5,2022-03,624.53,2022-03-28
3594,6,6,2022-03,169.67,2022-03-28
3595,7,1,2022-03,6640.50,2022-03-28
3596,7,2,2022-03,991.66,2022-03-28
3597,7,3,2022-03,118.30,2022-03-28
3598,7,4,2022-03,235.23,2022-03-28
3599,7,5,2022-03,725.04,2022-03-28
3600,7,6,2022-03,151.31,2022-03-28
3601,8,1,2022-03,7259.53,2022-03-28
3602,8,2,2022-03,1068.41,2022-03-28
3603,8,3,2022-03,122.08,2022-03-28
3604,8,4,2022-03,235.23,2022-03-28
3605,8,5,2022-03,570.52,2022-03-28
3606,8,6,2022-03,163.28,2022-03-28
3607,9,1,2022-03,5683.82,2022-03-28
3608,9,2,2022-03,789.38,2022-03-28
3609,9,3,2022-03,99.18,2022-03-28
3610,9,4,2022-03,235.23,2022-03-28
3611,9,5,2022-03,624.04,2022-03-28
3612,9,6,2022-03,128.06,2022-03-28
3613,10,1,2022-03,7034.43,2022-03-28
3614,10,2,2022-03,1015.52,2022-03-28
3615,10,3,2022-03,118.16,2022-03-28
3616,10,4,2022-03,235.23,2022-03-28
3617,10,5,2022-03,745.78,2022-03-28
3618,10,6,2022-03,159.29,2022-03-28
3619,11,1,2022-03,6753.05,2022-03-28
3620,11,2,2022-03,934.48,2022-03-28
3621,11,3,2022-03,111.01,2022-03-28
3622,11,4,2022-03,235.23,2022-03-28
3623,11,5,2022-03,727.65,2022-03-28
3624,11,6,2022-03,146.38,2022-03-28
3625,12,1,2022-03,5458.72,2022-03-28
3626,12,2,2022-03,822.90,2022-03-28
3627,12,3,2022-03,106.74,2022-03-28
3628,12,4,2022-03,235.23,2022-03-28
3629,12,5,2022-03,469.84,2022-03-28
3630,12,6,2022-03,125.75,2022-03-28
3631,1,1,2022-04,14575.34,2022-04-28
3632,1,2,2022-04,2213.92,2022-04-28
3633,1,3,2022-04,242.99,2022-04-28
3634,1,4,2022-04,235.23,2022-04-28
3635,1,5,2022-04,990.96,2022-04-28
3636,1,6,2022-04,316.61,2022-04-28
3637,2,1,2022-04,11198.81,2022-04-28
3638,2,2,2022-04,1736.69,2022-04-28
3639,2,3,2022-04,214.53,2022-04-28
3640,2,4,2022-04,235.23,2022-04-28
3641,2,5,2022-04,854.92,2022-04-28
3642,2,6,2022-04,244.94,2022-04-28
3643,3,1,2022-04,9285.45,2022-04-28
3644,3,2,2022-04,1295.59,2022-04-28
3645,3,3,2022-04,151.58,2022-04-28
3646,3,4,2022-04,235.23,2022-04-28
3647,3,5,2022-04,976.67,2022-04-28
3648,3,6,2022-04,196.99,2022-04-28
3649,4,1,2022-04,7540.91,2022-04-28
3650,4,2,2022-04,1168.98,2022-04-28
3651,4,3,2022-04,133.74,2022-04-28
3652,4,4,2022-04,235.23,2022-04-28
3653,4,5,2022-04,621.42,2022-04-28
3654,4,6,2022-04,158.95,2022-04-28
3655,5,1,2022-04,5852.65,2022-04-28
3656,5,2,2022-04,879.57,2022-04-28
3657,5,3,2022-04,103.33,2022-04-28
3658,5,4,2022-04,235.23,2022-04-28
3659,5,5,2022-04,510.63,2022-04-28
3660,5,6,2022-04,125.23,2022-04-28
3661,6,1,2022-04,7709.74,2022-04-28
3662,6,2,2022-04,1069.81,2022-04-28
3663,6,3,2022-04,137.53,2022-04-28
3664,6,4,2022-04,235.23,2022-04-28
3665,6,5,2022-04,536.79,2022-04-28
3666,6,6,2022-04,167.22,2022-04-28
3667,7,1,2022-04,6640.50,2022-04-28
3668,7,2,2022-04,962.09,2022-04-28
3669,7,3,2022-04,114.51,2022-04-28
3670,7,4,2022-04,235.23,2022-04-28
3671,7,5,2022-04,584.81,2022-04-28
3672,7,6,2022-04,151.33,2022-04-28
3673,8,1,2022-04,7259.53,2022-04-28
3674,8,2,2022-04,1048.96,2022-04-28
3675,8,3,2022-04,133.23,2022-04-28
3676,8,4,2022-04,235.23,2022-04-28
3677,8,5,2022-04,769.33,2022-04-28
3678,8,6,2022-04,153.17,2022-04-28
3679,9,1,2022-04,5683.82,2022-04-28
3680,9,2,2022-04,849.93,2022-04-28
3681,9,3,2022-04,109.26,2022-04-28
3682,9,4,2022-04,235.23,2022-04-28
3683,9,5,2022-04,545.65,2022-04-28
3684,9,6,2022-04,128.95,2022-04-28
3685,10,1,2022-04,7034.43,2022-04-28
3686,10,2,2022-04,1014.87,2022-04-28
3687,10,3,2022-04,130.11,2022-04-28
3688,10,4,2022-04,235.23,2022-04-28
3689,10,5,2022-04,617.79,2022-04-28
3690,10,6,2022-04,162.29,2022-04-28
3691,11,1,2022-04,6753.05,2022-04-28
3692,11,2,2022-04,937.75,2022-04-28
3693,11,3,2022-04,130.09,2022-04-28
3694,11,4,2022-04,235.23,2022-04-28
3695,11,5,2022-04,687.50,2022-04-28
3696,11,6,2022-04,153.17,2022-04-28
3697,12,1,2022-04,5458.72,2022-04-28
3698,12,2,2022-04,785.65,2022-04-28
3699,12,3,2022-04,97.28,2022-04-28
3700,12,4,2022-04,235.23,2022-04-28
3701,12,5,2022-04,394.92,2022-04-28
3702,12,6,2022-04,116.62,2022-04-28
3703,1,1,2022-05,14575.34,2022-05-28
3704,1,2,2022-05,2151.95,2022-05-28
3705,1,3,2022-05,251.49,2022-05-28
3706,1,4,2022-05,235.23,2022-05-28
3707,1,5,2022-05,1367.03,2022-05-28
3708,1,6,2022-05,310.20,2022-05-28
3709,2,1,2022-05,11198.81,2022-05-28
3710,2,2,2022-05,1612.85,2022-05-28
3711,2,3,2022-05,206.94,2022-05-28
3712,2,4,2022-05,235.23,2022-05-28
3713,2,5,2022-05,1183.63,2022-05-28
3714,2,6,2022-05,256.07,2022-05-28
3715,3,1,2022-05,9285.45,2022-05-28
3716,3,2,2022-05,1419.51,2022-05-28
3717,3,3,2022-05,168.86,2022-05-28
3718,3,4,2022-05,235.23,2022-05-28
3719,3,5,2022-05,1004.46,2022-05-28
3720,3,6,2022-05,203.25,2022-05-28
3721,4,1,2022-05,7540.91,2022-05-28
3722,4,2,2022-05,1129.47,2022-05-28
3723,4,3,2022-05,140.62,2022-05-28
3724,4,4,2022-05,235.23,2022-05-28
3725,4,5,2022-05,819.98,2022-05-28
3726,4,6,2022-05,170.41,2022-05-28
3727,5,1,2022-05,5852.65,2022-05-28
3728,5,2,2022-05,782.94,2022-05-28
3729,5,3,2022-05,95.29,2022-05-28
3730,5,4,2022-05,235.23,2022-05-28
3731,5,5,2022-05,669.78,2022-05-28
3732,5,6,2022-05,130.51,2022-05-28
3733,6,1,2022-05,7709.74,2022-05-28
3734,6,2,2022-05,1148.35,2022-05-28
3735,6,3,2022-05,139.18,2022-05-28
3736,6,4,2022-05,235.23,2022-05-28
3737,6,5,2022-05,766.17,2022-05-28
3738,6,6,2022-05,168.32,2022-05-28
3739,7,1,2022-05,6640.50,2022-05-28
3740,7,2,2022-05,918.68,2022-05-28
3741,7,3,2022-05,115.51,2022-05-28
3742,7,4,2022-05,235.23,2022-05-28
3743,7,5,2022-05,617.01,2022-05-28
3744,7,6,2022-05,152.01,2022-05-28
3745,8,1,2022-05,7259.53,2022-05-28
3746,8,2,2022-05,1109.04,2022-05-28
3747,8,3,2022-05,123.60,2022-05-28
3748,8,4,2022-05,235.23,2022-05-28
3749,8,5,2022-05,751.92,2022-05-28
3750,8,6,2022-05,156.76,2022-05-28
3751,9,1,2022-05,5683.82,2022-05-28
3752,9,2,2022-05,768.80,2022-05-28
3753,9,3,2022-05,96.03,2022-05-28
3754,9,4,2022-05,235.23,2022-05-28
3755,9,5,2022-05,621.26,2022-05-28
3756,9,6,2022-05,125.79,2022-05-28
3757,10,1,2022-05,7034.43,2022-05-28
3758,10,2,2022-05,954.40,2022-05-28
3759,10,3,2022-05,136.84,2022-05-28
3760,10,4,2022-05,235.23,2022-05-28
3761,10,5,2022-05,616.43,2022-05-28
3762,10,6,2022-05,160.85,2022-05-28
3763,11,1,2022-05,6753.05,2022-05-28
3764,11,2,2022-05,971.97,2022-05-28
3765,11,3,2022-05,110.23,2022-05-28
3766,11,4,2022-05,235.23,2022-05-28
3767,11,5,2022-05,771.07,2022-05-28
3768,11,6,2022-05,145.50,2022-05-28
3769,12,1,2022-05,5458.72,2022-05-28
3770,12,2,2022-05,740.19,2022-05-28
3771,12,3,2022-05,93.20,2022-05-28
3772,12,4,2022-05,235.23,2022-05-28
3773,12,5,2022-05,629.82,2022-05-28
3774,12,6,2022-05,121.69,2022-05-28
3775,1,1,2022-06,14575.34,2022-06-28
3776,1,2,2022-06,1950.51,2022-06-28
3777,1,3,2022-06,253.84,2022-06-28
3778,1,4,2022-06,235.23,2022-06-28
3779,1,5,2022-06,992.35,2022-06-28
3780,1,6,2022-06,313.35,2022-06-28
3781,2,1,2022-06,11198.81,2022-06-28
3782,2,2,2022-06,1596.54,2022-06-28
3783,2,3,2022-06,195.60,2022-06-28
3784,2,4,2022-06,235.23,2022-06-28
3785,2,5,2022-06,1207.45,2022-06-28
3786,2,6,2022-06,255.09,2022-06-28
3787,3,1,2022-06,9285.45,2022-06-28
3788,3,2,2022-06,1356.22,2022-06-28
3789,3,3,2022-06,161.08,2022-06-28
3790,3,4,2022-06,235.23,2022-06-28
3791,3,5,2022-06,825.10,2022-06-28
3792,3,6,2022-06,201.74,2022-06-28
3793,4,1,2022-06,7540.91,2022-06-28
3794,4,2,2022-06,1027.16,2022-06-28
3795,4,3,2022-06,121.78,2022-06-28
3796,4,4,2022-06,235.23,2022-06-28
3797,4,5,2022-06,513.88,2022-06-28
3798,4,6,2022-06,164.32,2022-06-28
3799,5,1,2022-06,5852.65,2022-06-28
3800,5,2,2022-06,792.74,2022-06-28
3801,5,3,2022-06,109.40,2022-06-28
3802,5,4,2022-06,235.23,2022-06-28
3803,5,5,2022-06,616.37,2022-06-28
3804,5,6,2022-06,130.14,2022-06-28
3805,6,1,2022-06,7709.74,2022-06-28
3806,6,2,2022-06,1081.30,2022-06-28
3807,6,3,2022-06,138.34,2022-06-28
3808,6,4,2022-06,235.23,2022-06-28
3809,6,5,2022-06,779.38,2022-06-28
3810,6,6,2022-06,168.83,2022-06-28
3811,7,1,2022-06,6640.50,2022-06-28
3812,7,2,2022-06,899.09,2022-06-28
3813,7,3,2022-06,108.84,2022-06-28
3814,7,4,2022-06,235.23,2022-06-28
3815,7,5,2022-06,761.80,2022-06-28
3816,7,6,2022-06,141.52,2022-06-28
3817,8,1,2022-06,7259.53,2022-06-28
3818,8,2,2022-06,1077.41,2022-06-28
3819,8,3,2022-06,129.30,2022-06-28
3820,8,4,2022-06,235.23,2022-06-28
3821,8,5,2022-06,513.46,2022-06-28
3822,8,6,2022-06,157.32,2022-06-28
3823,9,1,2022-06,5683.82,2022-06-28
3824,9,2,2022-06,858.50,2022-06-28
3825,9,3,2022-06,105.61,2022-06-28
3826,9,4,2022-06,235.23,2022-06-28
3827,9,5,2022-06,493.71,2022-06-28
3828,9,6,2022-06,126.67,2022-06-28
3829,10,1,2022-06,7034.43,2022-06-28
3830,10,2,2022-06,985.71,2022-06-28
3831,10,3,2022-06,123.42,2022-06-28
3832,10,4,2022-06,235.23,2022-06-28
3833,10,5,2022-06,533.27,2022-06-28
3834,10,6,2022-06,152.03,2022-06-28
3835,11,1,2022-06,6753.05,2022-06-28
3836,11,2,2022-06,920.53,2022-06-28
3837,11,3,2022-06,118.82,2022-06-28
3838,11,4,2022-06,235.23,2022-06-28
3839,11,5,2022-06,591.56,2022-06-28
3840,11,6,2022-06,146.36,2022-06-28
3841,12,1,2022-06,5458.72,2022-06-28
3842,12,2,2022-06,737.50,2022-06-28
3843,12,3,2022-06,98.65,2022-06-28
3844,12,4,2022-06,235.23,2022-06-28
3845,12,5,2022-06,481.72,2022-06-28
3846,12,6,2022-06,120.45,2022-06-28
3847,1,1,2022-07,14575.34,2022-07-28
3848,1,2,2022-07,1917.21,2022-07-28
3849,1,3,2022-07,280.49,2022-07-28
3850,1,4,2022-07,235.23,2022-07-28
3851,1,5,2022-07,1391.30,2022-07-28
3852,1,6,2022-07,318.80,2022-07-28
3853,2,1,2022-07,11198.81,2022-07-28
3854,2,2,2022-07,1366.08,2022-07-28
3855,2,3,2022-07,198.74,2022-07-28
3856,2,4,2022-07,235.23,2022-07-28
3857,2,5,2022-07,1163.78,2022-07-28
3858,2,6,2022-07,251.91,2022-07-28
3859,3,1,2022-07,9285.45,2022-07-28
3860,3,2,2022-07,1154.29,2022-07-28
3861,3,3,2022-07,151.29,2022-07-28
3862,3,4,2022-07,235.23,2022-07-28
3863,3,5,2022-07,1036.67,2022-07-28
3864,3,6,2022-07,207.90,2022-07-28
3865,4,1,2022-07,7540.91,2022-07-28
3866,4,2,2022-07,906.45,2022-07-28
3867,4,3,2022-07,129.48,2022-07-28
3868,4,4,2022-07,235.23,2022-07-28
3869,4,5,2022-07,671.47,2022-07-28
3870,4,6,2022-07,160.37,2022-07-28
3871,5,1,2022-07,5852.65,2022-07-28
3872,5,2,2022-07,711.97,2022-07-28
3873,5,3,2022-07,99.70,2022-07-28
3874,5,4,2022-07,235.23,2022-07-28
3875,5,5,2022-07,610.25,2022-07-28
3876,5,6,2022-07,134.21,2022-07-28
3877,6,1,2022-07,7709.74,2022-07-28
3878,6,2,2022-07,1019.54,2022-07-28
3879,6,3,2022-07,141.82,2022-07-28
3880,6,4,2022-07,235.23,2022-07-28
3881,6,5,2022-07,765.00,2022-07-28
3882,6,6,2022-07,172.15,2022-07-28
3883,7,1,2022-07,6640.50,2022-07-28
3884,7,2,2022-07,912.71,2022-07-28
3885,7,3,2022-07,111.71,2022-07-28
3886,7,4,2022-07,235.23,2022-07-28
3887,7,5,2022-07,580.54,2022-07-28
3888,7,6,2022-07,143.07,2022-07-28
3889,8,1,2022-07,7259.53,2022-07-28
3890,8,2,2022-07,892.32,2022-07-28
3891,8,3,2022-07,139.15,2022-07-28
3892,8,4,2022-07,235.23,2022-07-28
3893,8,5,2022-07,812.60,2022-07-28
3894,8,6,2022-07,158.97,2022-07-28
3895,9,1,2022-07,5683.82,2022-07-28
3896,9,2,2022-07,784.76,2022-07-28
3897,9,3,2022-07,105.80,2022-07-28
3898,9,4,2022-07,235.23,2022-07-28
3899,9,5,2022-07,454.97,2022-07-28
3900,9,6,2022-07,122.10,2022-07-28
3901,10,1,2022-07,7034.43,2022-07-28
3902,10,2,2022-07,941.34,2022-07-28
3903,10,3,2022-07,118.39,2022-07-28
3904,10,4,2022-07,235.23,2022-07-28
3905,10,5,2022-07,500.64,2022-07-28
3906,10,6,2022-07,152.50,2022-07-28
3907,11,1,2022-07,6753.05,2022-07-28
3908,11,2,2022-07,828.18,2022-07-28
3909,11,3,2022-07,131.38,2022-07-28
3910,11,4,2022-07,235.23,2022-07-28
3911,11,5,2022-07,679.61,2022-07-28
3912,11,6,2022-07,155.59,2022-07-28
3913,12,1,2022-07,5458.72,2022-07-28
3914,12,2,2022-07,751.73,2022-07-28
3915,12,3,2022-07,97.22,2022-07-28
3916,12,4,2022-07,235.23,2022-07-28
3917,12,5,2022-07,587.25,2022-07-28
3918,12,6,2022-07,123.20,2022-07-28
3919,1,1,2022-08,14575.34,2022-08-28
3920,1,2,2022-08,1996.59,2022-08-28
3921,1,3,2022-08,251.12,2022-08-28
3922,1,4,2022-08,235.23,2022-08-28
3923,1,5,2022-08,1425.63,2022-08-28
3924,1,6,2022-08,335.00,2022-08-28
3925,2,1,2022-08,11198.81,2022-08-28
3926,2,2,2022-08,1453.83,2022-08-28
3927,2,3,2022-08,216.17,2022-08-28
3928,2,4,2022-08,235.23,2022-08-28
3929,2,5,2022-08,1132.24,2022-08-28
3930,2,6,2022-08,242.98,2022-08-28
3931,3,1,2022-08,9285.45,2022-08-28
3932,3,2,2022-08,1166.02,2022-08-28
3933,3,3,2022-08,174.54,2022-08-28
3934,3,4,2022-08,235.23,2022-08-28
3935,3,5,2022-08,873.36,2022-08-28
3936,3,6,2022-08,213.58,2022-08-28
3937,4,1,2022-08,7540.91,2022-08-28
3938,4,2,2022-08,925.86,2022-08-28
3939,4,3,2022-08,127.51,2022-08-28
3940,4,4,2022-08,235.23,2022-08-28
3941,4,5,2022-08,714.95,2022-08-28
3942,4,6,2022-08,170.56,2022-08-28
3943,5,1,2022-08,5852.65,2022-08-28
3944,5,2,2022-08,765.72,2022-08-28
3945,5,3,2022-08,111.55,2022-08-28
3946,5,4,2022-08,235.23,2022-08-28
3947,5,5,2022-08,435.99,2022-08-28
3948,5,6,2022-08,123.55,2022-08-28
3949,6,1,2022-08,7709.74,2022-08-28
3950,6,2,2022-08,1050.44,2022-08-28
3951,6,3,2022-08,129.67,2022-08-28
3952,6,4,2022-08,235.23,2022-08-28
3953,6,5,2022-08,592.72,2022-08-28
3954,6,6,2022-08,168.89,2022-08-28
3955,7,1,2022-08,6640.50,2022-08-28
3956,7,2,2022-08,904.94,2022-08-28
3957,7,3,2022-08,128.46,2022-08-28
3958,7,4,2022-08,235.23,2022-08-28
3959,7,5,2022-08,499.98,2022-08-28
3960,7,6,2022-08,140.48,2022-08-28
3961,8,1,2022-08,7259.53,2022-08-28
3962,8,2,2022-08,931.08,2022-08-28
3963,8,3,2022-08,128.10,2022-08-28
3964,8,4,2022-08,235.23,2022-08-28
3965,8,5,2022-08,835.94,2022-08-28
3966,8,6,2022-08,166.46,2022-08-28
3967,9,1,2022-08,5683.82,2022-08-28
3968,9,2,2022-08,691.16,2022-08-28
3969,9,3,2022-08,96.41,2022-08-28
3970,9,4,2022-08,235.23,2022-08-28
3971,9,5,2022-08,392.02,2022-08-28
3972,9,6,2022-08,122.11,2022-08-28
3973,10,1,2022-08,7034.43,2022-08-28
3974,10,2,2022-08,877.75,2022-08-28
3975,10,3,2022-08,117.71,2022-08-28
3976,10,4,2022-08,235.23,2022-08-28
3977,10,5,2022-08,585.82,2022-08-28
3978,10,6,2022-08,159.09,2022-08-28
3979,11,1,2022-08,6753.05,2022-08-28
3980,11,2,2022-08,821.38,2022-08-28
3981,11,3,2022-08,122.00,2022-08-28
3982,11,4,2022-08,235.23,2022-08-28
3983,11,5,2022-08,503.35,2022-08-28
3984,11,6,2022-08,146.80,2022-08-28
3985,12,1,2022-08,5458.72,2022-08-28
3986,12,2,2022-08,656.00,2022-08-28
3987,12,3,2022-08,101.02,2022-08-28
3988,12,4,2022-08,235.23,2022-08-28
3989,12,5,2022-08,373.31,2022-08-28
3990,12,6,2022-08,122.10,2022-08-28
3991,1,1,2022-09,14575.34,2022-09-28
3992,1,2,2022-09,2002.39,2022-09-28
3993,1,3,2022-09,248.88,2022-09-28
3994,1,4,2022-09,235.23,2022-09-28
3995,1,5,2022-09,1228.70,2022-09-28
3996,1,6,2022-09,314.90,2022-09-28
3997,2,1,2022-09,11198.81,2022-09-28
3998,2,2,2022-09,1520.03,2022-09-28
3999,2,3,2022-09,214.90,2022-09-28
4000,2,4,2022-09,235.23,2022-09-28
4001,2,5,2022-09,1296.60,2022-09-28
4002,2,6,2022-09,254.95,2022-09-28
4003,3,1,2022-09,9285.45,2022-09-28
4004,3,2,2022-09,1269.40,2022-09-28
4005,3,3,2022-09,160.03,2022-09-28
4006,3,4,2022-09,235.23,2022-09-28
4007,3,5,2022-09,947.28,2022-09-28
4008,3,6,2022-09,196.88,2022-09-28
4009,4,1,2022-09,7540.91,2022-09-28
4010,4,2,2022-09,988.31,2022-09-28
4011,4,3,2022-09,130.01,2022-09-28
4012,4,4,2022-09,235.23,2022-09-28
4013,4,5,2022-09,742.30,2022-09-28
4014,4,6,2022-09,174.23,2022-09-28
4015,5,1,2022-09,5852.65,2022-09-28
4016,5,2,2022-09,787.33,2022-09-28
4017,5,3,2022-09,97.97,2022-09-28
4018,5,4,2022-09,235.23,2022-09-28
4019,5,5,2022-09,551.81,2022-09-28
4020,5,6,2022-09,128.77,2022-09-28
4021,6,1,2022-09,7709.74,2022-09-28
4022,6,2,2022-09,993.48,2022-09-28
4023,6,3,2022-09,147.30,2022-09-28
4024,6,4,2022-09,235.23,2022-09-28
4025,6,5,2022-09,741.90,2022-09-28
4026,6,6,2022-09,166.45,2022-09-28
4027,7,1,2022-09,6640.50,2022-09-28
4028,7,2,2022-09,862.67,2022-09-28
4029,7,3,2022-09,124.20,2022-09-28
4030,7,4,2022-09,235.23,2022-09-28
4031,7,5,2022-09,766.25,2022-09-28
4032,7,6,2022-09,140.67,2022-09-28
4033,8,1,2022-09,7259.53,2022-09-28
4034,8,2,2022-09,935.74,2022-09-28
4035,8,3,2022-09,120.55,2022-09-28
4036,8,4,2022-09,235.23,2022-09-28
4037,8,5,2022-09,650.14,2022-09-28
4038,8,6,2022-09,165.96,2022-09-28
4039,9,1,2022-09,5683.82,2022-09-28
4040,9,2,2022-09,722.48,2022-09-28
4041,9,3,2022-09,107.77,2022-09-28
4042,9,4,2022-09,235.23,2022-09-28
4043,9,5,2022-09,624.24,2022-09-28
4044,9,6,2022-09,129.57,2022-09-28
4045,10,1,2022-09,7034.43,2022-09-28
4046,10,2,2022-09,876.18,2022-09-28
4047,10,3,2022-09,125.40,2022-09-28
4048,10,4,2022-09,235.23,2022-09-28
4049,10,5,2022-09,558.50,2022-09-28
4050,10,6,2022-09,150.00,2022-09-28
4051,11,1,2022-09,6753.05,2022-09-28
4052,11,2,2022-09,842.28,2022-09-28
4053,11,3,2022-09,110.56,2022-09-28
4054,11,4,2022-09,235.23,2022-09-28
4055,11,5,2022-09,716.55,2022-09-28
4056,11,6,2022-09,157.11,2022-09-28
4057,12,1,2022-09,5458.72,2022-09-28
4058,12,2,2022-09,720.95,2022-09-28
4059,12,3,2022-09,106.57,2022-09-28
4060,12,4,2022-09,235.23,2022-09-28
4061,12,5,2022-09,494.80,2022-09-28
4062,12,6,2022-09,125.98,2022-09-28
4063,1,1,2022-10,14575.34,2022-10-28
4064,1,2,2022-10,1842.83,2022-10-28
4065,1,3,2022-10,273.36,2022-10-28
4066,1,4,2022-10,235.23,2022-10-28
4067,1,5,2022-10,1235.52,2022-10-28
4068,1,6,2022-10,318.13,2022-10-28
4069,2,1,2022-10,11198.81,2022-10-28
4070,2,2,2022-10,1403.81,2022-10-28
4071,2,3,2022-10,186.70,2022-10-28
4072,2,4,2022-10,235.23,2022-10-28
4073,2,5,2022-10,1171.62,2022-10-28
4074,2,6,2022-10,254.22,2022-10-28
4075,3,1,2022-10,9285.45,2022-10-28
4076,3,2,2022-10,1206.19,2022-10-28
4077,3,3,2022-10,161.50,2022-10-28
4078,3,4,2022-10,235.23,2022-10-28
4079,3,5,2022-10,1065.32,2022-10-28
4080,3,6,2022-10,210.00,2022-10-28
4081,4,1,2022-10,7540.91,2022-10-28
4082,4,2,2022-10,1043.92,2022-10-28
4083,4,3,2022-10,133.04,2022-10-28
4084,4,4,2022-10,235.23,2022-10-28
4085,4,5,2022-10,532.48,2022-10-28
4086,4,6,2022-10,170.68,2022-10-28
4087,5,1,2022-10,5852.65,2022-10-28
4088,5,2,2022-10,806.19,2022-10-28
4089,5,3,2022-10,99.66,2022-10-28
4090,5,4,2022-10,235.23,2022-10-28
4091,5,5,2022-10,431.65,2022-10-28
4092,5,6,2022-10,128.69,2022-10-28
4093,6,1,2022-10,7709.74,2022-10-28
4094,6,2,2022-10,1078.13,2022-10-28
4095,6,3,2022-10,147.18,2022-10-28
4096,6,4,2022-10,235.23,2022-10-28
4097,6,5,2022-10,581.01,2022-10-28
4098,6,6,2022-10,173.15,2022-10-28
4099,7,1,2022-10,6640.50,2022-10-28
4100,7,2,2022-10,814.58,2022-10-28
4101,7,3,2022-10,121.09,2022-10-28
4102,7,4,2022-10,235.23,2022-10-28
4103,7,5,2022-10,638.18,2022-10-28
4104,7,6,2022-10,149.68,2022-10-28
4105,8,1,2022-10,7259.53,2022-10-28
4106,8,2,2022-10,873.60,2022-10-28
4107,8,3,2022-10,132.34,2022-10-28
4108,8,4,2022-10,235.23,2022-10-28
4109,8,5,2022-10,651.04,2022-10-28
4110,8,6,2022-10,154.00,2022-10-28
4111,9,1,2022-10,5683.82,2022-10-28
4112,9,2,2022-10,793.43,2022-10-28
4113,9,3,2022-10,101.27,2022-10-28
4114,9,4,2022-10,235.23,2022-10-28
4115,9,5,2022-10,399.89,2022-10-28
4116,9,6,2022-10,125.38,2022-10-28
4117,10,1,2022-10,7034.43,2022-10-28
4118,10,2,2022-10,979.73,2022-10-28
4119,10,3,2022-10,137.22,2022-10-28
4120,10,4,2022-10,235.23,2022-10-28
4121,10,5,2022-10,633.99,2022-10-28
4122,10,6,2022-10,163.15,2022-10-28
4123,11,1,2022-10,6753.05,2022-10-28
4124,11,2,2022-10,918.89,2022-10-28
4125,11,3,2022-10,122.43,2022-10-28
4126,11,4,2022-10,235.23,2022-10-28
4127,11,5,2022-10,593.72,2022-10-28
4128,11,6,2022-10,149.61,2022-10-28
4129,12,1,2022-10,5458.72,2022-10-28
4130,12,2,2022-10,667.23,2022-10-28
4131,12,3,2022-10,92.55,2022-10-28
4132,12,4,2022-10,235.23,2022-10-28
4133,12,5,2022-10,577.82,2022-10-28
4134,12,6,2022-10,121.93,2022-10-28
4135,1,1,2022-11,14575.34,2022-11-28
4136,1,2,2022-11,1806.22,2022-11-28
4137,1,3,2022-11,254.16,2022-11-28
4138,1,4,2022-11,235.23,2022-11-28
4139,1,5,2022-11,1066.97,2022-11-28
4140,1,6,2022-11,322.62,2022-11-28
4141,2,1,2022-11,11198.81,2022-11-28
4142,2,2,2022-11,1498.18,2022-11-28
4143,2,3,2022-11,199.12,2022-11-28
4144,2,4,2022-11,235.23,2022-11-28
4145,2,5,2022-11,1134.11,2022-11-28
4146,2,6,2022-11,242.10,2022-11-28
4147,3,1,2022-11,9285.45,2022-11-28
4148,3,2,2022-11,1136.29,2022-11-28
4149,3,3,2022-11,156.50,2022-11-28
4150,3,4,2022-11,235.23,2022-11-28
4151,3,5,2022-11,798.13,2022-11-28
4152,3,6,2022-11,207.08,2022-11-28
4153,4,1,2022-11,7540.91,2022-11-28
4154,4,2,2022-11,958.45,2022-11-28
4155,4,3,2022-11,128.45,2022-11-28
4156,4,4,2022-11,235.23,2022-11-28
4157,4,5,2022-11,528.64,2022-11-28
4158,4,6,2022-11,172.46,2022-11-28
4159,5,1,2022-11,5852.65,2022-11-28
4160,5,2,2022-11,745.02,2022-11-28
4161,5,3,2022-11,106.50,2022-11-28
4162,5,4,2022-11,235.23,2022-11-28
4163,5,5,2022-11,400.79,2022-11-28
4164,5,6,2022-11,129.38,2022-11-28
4165,6,1,2022-11,7709.74,2022-11-28
4166,6,2,2022-11,964.32,2022-11-28
4167,6,3,2022-11,134.95,2022-11-28
4168,6,4,2022-11,235.23,2022-11-28
4169,6,5,2022-11,626.39,2022-11-28
4170,6,6,2022-11,163.93,2022-11-28
4171,7,1,2022-11,6640.50,2022-11-28
4172,7,2,2022-11,813.77,2022-11-28
4173,7,3,2022-11,116.58,2022-11-28
4174,7,4,2022-11,235.23,2022-11-28
4175,7,5,2022-11,761.68,2022-11-28
4176,7,6,2022-11,146.86,2022-11-28
4177,8,1,2022-11,7259.53,2022-11-28
4178,8,2,2022-11,954.54,2022-11-28
4179,8,3,2022-11,129.12,2022-11-28
4180,8,4,2022-11,235.23,2022-11-28
4181,8,5,2022-11,802.91,2022-11-28
4182,8,6,2022-11,163.69,2022-11-28
4183,9,1,2022-11,5683.82,2022-11-28
4184,9,2,2022-11,723.29,2022-11-28
4185,9,3,2022-11,93.90,2022-11-28
4186,9,4,2022-11,235.23,2022-11-28
4187,9,5,2022-11,390.74,2022-11-28
4188,9,6,2022-11,119.90,2022-11-28
4189,10,1,2022-11,7034.43,2022-11-28
4190,10,2,2022-11,867.03,2022-11-28
4191,10,3,2022-11,114.39,2022-11-28
4192,10,4,2022-11,235.23,2022-11-28
4193,10,5,2022-11,759.74,2022-11-28
4194,10,6,2022-11,154.22,2022-11-28
4195,11,1,2022-11,6753.05,2022-11-28
4196,11,2,2022-11,926.11,2022-11-28
4197,11,3,2022-11,113.58,2022-11-28
4198,11,4,2022-11,235.23,2022-11-28
4199,11,5,2022-11,647.50,2022-11-28
4200,11,6,2022-11,148.95,2022-11-28
4201,12,1,2022-11,5458.72,2022-11-28
4202,12,2,2022-11,737.33,2022-11-28
4203,12,3,2022-11,93.58,2022-11-28
4204,12,4,2022-11,235.23,2022-11-28
4205,12,5,2022-11,579.10,2022-11-28
4206,12,6,2022-11,125.27,2022-11-28
4207,1,1,2022-12,14575.34,2022-12-28
4208,1,2,2022-12,1888.23,2022-12-28
4209,1,3,2022-12,273.07,2022-12-28
4210,1,4,2022-12,235.23,2022-12-28
4211,1,5,2022-12,996.51,2022-12-28
4212,1,6,2022-12,323.03,2022-12-28
4213,2,1,2022-12,11198.81,2022-12-28
4214,2,2,2022-12,1399.02,2022-12-28
4215,2,3,2022-12,201.07,2022-12-28
4216,2,4,2022-12,235.23,2022-12-28
4217,2,5,2022-12,937.87,2022-12-28
4218,2,6,2022-12,241.36,2022-12-28
4219,3,1,2022-12,9285.45,2022-12-28
4220,3,2,2022-12,1228.72,2022-12-28
4221,3,3,2022-12,158.44,2022-12-28
4222,3,4,2022-12,235.23,2022-12-28
4223,3,5,2022-12,633.62,2022-12-28
4224,3,6,2022-12,202.38,2022-12-28
4225,4,1,2022-12,7540.91,2022-12-28
4226,4,2,2022-12,939.19,2022-12-28
4227,4,3,2022-12,146.16,2022-12-28
4228,4,4,2022-12,235.23,2022-12-28
4229,4,5,2022-12,737.58,2022-12-28
4230,4,6,2022-12,173.45,2022-12-28
4231,5,1,2022-12,5852.65,2022-12-28
4232,5,2,2022-12,776.85,2022-12-28
4233,5,3,2022-12,102.03,2022-12-28
4234,5,4,2022-12,235.23,2022-12-28
4235,5,5,2022-12,566.88,2022-12-28
4236,5,6,2022-12,126.25,2022-12-28
4237,6,1,2022-12,7709.74,2022-12-28
4238,6,2,2022-12,956.55,2022-12-28
4239,6,3,2022-12,131.42,2022-12-28
4240,6,4,2022-12,235.23,2022-12-28
4241,6,5,2022-12,588.44,2022-12-28
4242,6,6,2022-12,172.80,2022-12-28
4243,7,1,2022-12,6640.50,2022-12-28
4244,7,2,2022-12,806.50,2022-12-28
4245,7,3,2022-12,118.62,2022-12-28
4246,7,4,2022-12,235.23,2022-12-28
4247,7,5,2022-12,686.54,2022-12-28
4248,7,6,2022-12,153.65,2022-12-28
4249,8,1,2022-12,7259.53,2022-12-28
4250,8,2,2022-12,897.49,2022-12-28
4251,8,3,2022-12,142.30,2022-12-28
4252,8,4,2022-12,235.23,2022-12-28
4253,8,5,2022-12,669.35,2022-12-28
4254,8,6,2022-12,153.83,2022-12-28
4255,9,1,2022-12,5683.82,2022-12-28
4256,9,2,2022-12,759.68,2022-12-28
4257,9,3,2022-12,92.72,2022-12-28
4258,9,4,2022-12,235.23,2022-12-28
4259,9,5,2022-12,504.92,2022-12-28
4260,9,6,2022-12,125.87,2022-12-28
4261,10,1,2022-12,7034.43,2022-12-28
4262,10,2,2022-12,882.05,2022-12-28
4263,10,3,2022-12,128.86,2022-12-28
4264,10,4,2022-12,235.23,2022-12-28
4265,10,5,2022-12,499.84,2022-12-28
4266,10,6,2022-12,160.79,2022-12-28
4267,11,1,2022-12,6753.05,2022-12-28
4268,11,2,2022-12,880.00,2022-12-28
4269,11,3,2022-12,112.81,2022-12-28
4270,11,4,2022-12,235.23,2022-12-28
4271,11,5,2022-12,457.09,2022-12-28
4272,11,6,2022-12,150.25,2022-12-28
4273,12,1,2022-12,5458.72,2022-12-28
4274,12,2,2022-12,750.26,2022-12-28
4275,12,3,2022-12,90.43,2022-12-28
4276,12,4,2022-12,235.23,2022-12-28
4277,12,5,2022-12,413.62,2022-12-28
4278,12,6,2022-12,118.56,2022-12-28
4279,1,1,2023-01,15012.60,2023-01-28
4280,1,2,2023-01,1949.57,2023-01-28
4281,1,3,2023-01,283.97,2023-01-28
4282,1,4,2023-01,242.29,2023-01-28
4283,1,5,2023-01,1101.25,2023-01-28
4284,1,6,2023-01,324.43,2023-01-28
4285,2,1,2023-01,11534.78,2023-01-28
4286,2,2,2023-01,1488.80,2023-01-28
4287,2,3,2023-01,207.13,2023-01-28
4288,2,4,2023-01,242.29,2023-01-28
4289,2,5,2023-01,1127.13,2023-01-28
4290,2,6,2023-01,261.16,2023-01-28
4291,3,1,2023-01,9564.01,2023-01-28
4292,3,2,2023-01,1283.74,2023-01-28
4293,3,3,2023-01,168.36,2023-01-28
4294,3,4,2023-01,242.29,2023-01-28
4295,3,5,2023-01,938.10,2023-01-28
4296,3,6,2023-01,215.89,2023-01-28
4297,4,1,2023-01,7767.14,2023-01-28
4298,4,2,2023-01,951.29,2023-01-28
4299,4,3,2023-01,147.26,2023-01-28
4300,4,4,2023-01,242.29,2023-01-28
4301,4,5,2023-01,738.28,2023-01-28
4302,4,6,2023-01,167.44,2023-01-28
4303,5,1,2023-01,6028.23,2023-01-28
4304,5,2,2023-01,829.96,2023-01-28
4305,5,3,2023-01,113.74,2023-01-28
4306,5,4,2023-01,242.29,2023-01-28
4307,5,5,2023-01,473.71,2023-01-28
4308,5,6,2023-01,137.41,2023-01-28
4309,6,1,2023-01,7941.03,2023-01-28
4310,6,2,2023-01,1096.08,2023-01-28
4311,6,3,2023-01,135.91,2023-01-28
4312,6,4,2023-01,242.29,2023-01-28
4313,6,5,2023-01,652.72,2023-01-28
4314,6,6,2023-01,184.58,2023-01-28
4315,7,1,2023-01,6839.72,2023-01-28
4316,7,2,2023-01,924.59,2023-01-28
4317,7,3,2023-01,133.80,2023-01-28
4318,7,4,2023-01,242.29,2023-01-28
4319,7,5,2023-01,752.84,2023-01-28
4320,7,6,2023-01,156.43,2023-01-28
4321,8,1,2023-01,7477.32,2023-01-28
4322,8,2,2023-01,977.91,2023-01-28
4323,8,3,2023-01,145.17,2023-01-28
4324,8,4,2023-01,242.29,2023-01-28
4325,8,5,2023-01,541.12,2023-01-28
4326,8,6,2023-01,160.59,2023-01-28
4327,9,1,2023-01,5854.33,2023-01-28
4328,9,2,2023-01,745.81,2023-01-28
4329,9,3,2023-01,94.00,2023-01-28
4330,9,4,2023-01,242.29,2023-01-28
4331,9,5,2023-01,422.35,2023-01-28
4332,9,6,2023-01,133.36,2023-01-28
4333,10,1,2023-01,7245.46,2023-01-28
4334,10,2,2023-01,904.19,2023-01-28
4335,10,3,2023-01,122.58,2023-01-28
4336,10,4,2023-01,242.29,2023-01-28
4337,10,5,2023-01,749.30,2023-01-28
4338,10,6,2023-01,155.55,2023-01-28
4339,11,1,2023-01,6955.64,2023-01-28
4340,11,2,2023-01,938.74,2023-01-28
4341,11,3,2023-01,118.56,2023-01-28
4342,11,4,2023-01,242.29,2023-01-28
4343,11,5,2023-01,590.75,2023-01-28
4344,11,6,2023-01,156.70,2023-01-28
4345,12,1,2023-01,5622.48,2023-01-28
4346,12,2,2023-01,761.67,2023-01-28
4347,12,3,2023-01,99.58,2023-01-28
4348,12,4,2023-01,242.29,2023-01-28
4349,12,5,2023-01,556.67,2023-01-28
4350,12,6,2023-01,120.58,2023-01-28
4351,1,1,2023-02,15012.60,2023-02-28
4352,1,2,2023-02,1951.18,2023-02-28
4353,1,3,2023-02,289.68,2023-02-28
4354,1,4,2023-02,242.29,2023-02-28
4355,1,5,2023-02,1019.51,2023-02-28
4356,1,6,2023-02,318.77,2023-02-28
4357,2,1,2023-02,11534.78,2023-02-28
4358,2,2,2023-02,1562.62,2023-02-28
4359,2,3,2023-02,187.96,2023-02-28
4360,2,4,2023-02,242.29,2023-02-28
4361,2,5,2023-02,910.09,2023-02-28
4362,2,6,2023-02,263.01,2023-02-28
4363,3,1,2023-02,9564.01,2023-02-28
4364,3,2,2023-02,1215.90,2023-02-28
4365,3,3,2023-02,166.99,2023-02-28
4366,3,4,2023-02,242.29,2023-02-28
4367,3,5,2023-02,996.78,2023-02-28
4368,3,6,2023-02,210.37,2023-02-28
4369,4,1,2023-02,7767.14,2023-02-28
4370,4,2,2023-02,1068.06,2023-02-28
4371,4,3,2023-02,135.59,2023-02-28
4372,4,4,2023-02,242.29,2023-02-28
4373,4,5,2023-02,853.96,2023-02-28
4374,4,6,2023-02,176.69,2023-02-28
4375,5,1,2023-02,6028.23,2023-02-28
4376,5,2,2023-02,811.82,2023-02-28
4377,5,3,2023-02,111.94,2023-02-28
4378,5,4,2023-02,242.29,2023-02-28
4379,5,5,2023-02,496.88,2023-02-28
4380,5,6,2023-02,129.99,2023-02-28
4381,6,1,2023-02,7941.03,2023-02-28
4382,6,2,2023-02,1102.80,2023-02-28
4383,6,3,2023-02,130.10,2023-02-28
4384,6,4,2023-02,242.29,2023-02-28
4385,6,5,2023-02,854.91,2023-02-28
4386,6,6,2023-02,176.07,2023-02-28
4387,7,1,2023-02,6839.72,2023-02-28
4388,7,2,2023-02,826.84,2023-02-28
4389,7,3,2023-02,113.05,2023-02-28
4390,7,4,2023-02,242.29,2023-02-28
4391,7,5,2023-02,666.33,2023-02-28
4392,7,6,2023-02,154.33,2023-02-28
4393,8,1,2023-02,7477.32,2023-02-28
4394,8,2,2023-02,914.76,2023-02-28
4395,8,3,2023-02,139.70,2023-02-28
4396,8,4,2023-02,242.29,2023-02-28
4397,8,5,2023-02,654.88,2023-02-28
4398,8,6,2023-02,158.19,2023-02-28
4399,9,1,2023-02,5854.33,2023-02-28
4400,9,2,2023-02,735.54,2023-02-28
4401,9,3,2023-02,108.39,2023-02-28
4402,9,4,2023-02,242.29,2023-02-28
4403,9,5,2023-02,586.47,2023-02-28
4404,9,6,2023-02,133.73,2023-02-28
4405,10,1,2023-02,7245.46,2023-02-28
4406,10,2,2023-02,978.82,2023-02-28
4407,10,3,2023-02,118.45,2023-02-28
4408,10,4,2023-02,242.29,2023-02-28
4409,10,5,2023-02,823.07,2023-02-28
4410,10,6,2023-02,167.23,2023-02-28
4411,11,1,2023-02,6955.64,2023-02-28
4412,11,2,2023-02,954.46,2023-02-28
4413,11,3,2023-02,112.45,2023-02-28
4414,11,4,2023-02,242.29,2023-02-28
4415,11,5,2023-02,490.99,2023-02-28
4416,11,6,2023-02,152.80,2023-02-28
4417,12,1,2023-02,5622.48,2023-02-28
4418,12,2,2023-02,679.94,2023-02-28
4419,12,3,2023-02,101.96,2023-02-28
4420,12,4,2023-02,242.29,2023-02-28
4421,12,5,2023-02,421.07,2023-02-28
4422,12,6,2023-02,127.57,2023-02-28
4423,1,1,2023-03,15012.60,2023-03-28
4424,1,2,2023-03,2039.39,2023-03-28
4425,1,3,2023-03,273.20,2023-03-28
4426,1,4,2023-03,242.29,2023-03-28
4427,1,5,2023-03,1212.59,2023-03-28
4428,1,6,2023-03,340.75,2023-03-28
4429,2,1,2023-03,11534.78,2023-03-28
4430,2,2,2023-03,1616.49,2023-03-28
4431,2,3,2023-03,198.90,2023-03-28
4432,2,4,2023-03,242.29,2023-03-28
4433,2,5,2023-03,1096.53,2023-03-28
4434,2,6,2023-03,260.67,2023-03-28
4435,3,1,2023-03,9564.01,2023-03-28
4436,3,2,2023-03,1329.75,2023-03-28
4437,3,3,2023-03,169.29,2023-03-28
4438,3,4,2023-03,242.29,2023-03-28
4439,3,5,2023-03,1090.44,2023-03-28
4440,3,6,2023-03,209.30,2023-03-28
4441,4,1,2023-03,7767.14,2023-03-28
4442,4,2,2023-03,1171.09,2023-03-28
4443,4,3,2023-03,149.25,2023-03-28
4444,4,4,2023-03,242.29,2023-03-28
4445,4,5,2023-03,581.30,2023-03-28
4446,4,6,2023-03,174.79,2023-03-28
4447,5,1,2023-03,6028.23,2023-03-28
4448,5,2,2023-03,873.20,2023-03-28
4449,5,3,2023-03,111.84,2023-03-28
4450,5,4,2023-03,242.29,2023-03-28
4451,5,5,2023-03,453.50,2023-03-28
4452,5,6,2023-03,137.65,2023-03-28
4453,6,1,2023-03,7941.03,2023-03-28
4454,6,2,2023-03,1174.05,2023-03-28
4455,6,3,2023-03,140.01,2023-03-28
4456,6,4,2023-03,242.29,2023-03-28
4457,6,5,2023-03,724.15,2023-03-28
4458,6,6,2023-03,174.83,2023-03-28
4459,7,1,2023-03,6839.72,2023-03-28
4460,7,2,2023-03,1036.67,2023-03-28
4461,7,3,2023-03,132.35,2023-03-28
4462,7,4,2023-03,242.29,2023-03-28
4463,7,5,2023-03,718.36,2023-03-28
4464,7,6,2023-03,148.56,2023-03-28
4465,8,1,2023-03,7477.32,2023-03-28
4466,8,2,2023-03,1052.51,2023-03-28
4467,8,3,2023-03,139.34,2023-03-28
4468,8,4,2023-03,242.29,2023-03-28
4469,8,5,2023-03,656.25,2023-03-28
4470,8,6,2023-03,166.47,2023-03-28
4471,9,1,2023-03,5854.33,2023-03-28
4472,9,2,2023-03,863.31,2023-03-28
4473,9,3,2023-03,95.12,2023-03-28
4474,9,4,2023-03,242.29,2023-03-28
4475,9,5,2023-03,575.52,2023-03-28
4476,9,6,2023-03,124.22,2023-03-28
4477,10,1,2023-03,7245.46,2023-03-28
4478,10,2,2023-03,1069.34,2023-03-28
4479,10,3,2023-03,122.29,2023-03-28
4480,10,4,2023-03,242.29,2023-03-28
4481,10,5,2023-03,668.70,2023-03-28
4482,10,6,2023-03,161.88,2023-03-28
4483,11,1,2023-03,6955.64,2023-03-28
4484,11,2,2023-03,955.83,2023-03-28
4485,11,3,2023-03,129.86,2023-03-28
4486,11,4,2023-03,242.29,2023-03-28
4487,11,5,2023-03,762.19,2023-03-28
4488,11,6,2023-03,150.64,2023-03-28
4489,12,1,2023-03,5622.48,2023-03-28
4490,12,2,2023-03,825.80,2023-03-28
4491,12,3,2023-03,97.96,2023-03-28
4492,12,4,2023-03,242.29,2023-03-28
4493,12,5,2023-03,638.25,2023-03-28
4494,12,6,2023-03,121.07,2023-03-28
4495,13,1,2023-03,7129.54,2023-03-28
4496,13,2,2023-03,971.43,2023-03-28
4497,13,3,2023-03,130.17,2023-03-28
4498,13,4,2023-03,242.29,2023-03-28
4499,13,5,2023-03,823.32,2023-03-28
4500,13,6,2023-03,153.76,2023-03-28
4501,1,1,2023-04,15012.60,2023-04-28
4502,1,2,2023-04,2042.87,2023-04-28
4503,1,3,2023-04,272.48,2023-04-28
4504,1,4,2023-04,242.29,2023-04-28
4505,1,5,2023-04,1244.28,2023-04-28
4506,1,6,2023-04,346.59,2023-04-28
4507,2,1,2023-04,11534.78,2023-04-28
4508,2,2,2023-04,1772.15,2023-04-28
4509,2,3,2023-04,191.75,2023-04-28
4510,2,4,2023-04,242.29,2023-04-28
4511,2,5,2023-04,1188.34,2023-04-28
4512,2,6,2023-04,261.79,2023-04-28
4513,3,1,2023-04,9564.01,2023-04-28
4514,3,2,2023-04,1429.45,2023-04-28
4515,3,3,2023-04,159.35,2023-04-28
4516,3,4,2023-04,242.29,2023-04-28
4517,3,5,2023-04,688.82,2023-04-28
4518,3,6,2023-04,210.42,2023-04-28
4519,4,1,2023-04,7767.14,2023-04-28
4520,4,2,2023-04,1141.06,2023-04-28
4521,4,3,2023-04,125.53,2023-04-28
4522,4,4,2023-04,242.29,2023-04-28
4523,4,5,2023-04,768.63,2023-04-28
4524,4,6,2023-04,163.88,2023-04-28
4525,5,1,2023-04,6028.23,2023-04-28
4526,5,2,2023-04,912.90,2023-04-28
4527,5,3,2023-04,114.21,2023-04-28
4528,5,4,2023-04,242.29,2023-04-28
4529,5,5,2023-04,570.39,2023-04-28
4530,5,6,2023-04,130.46,2023-04-28
4531,6,1,2023-04,7941.03,2023-04-28
4532,6,2,2023-04,1137.11,2023-04-28
4533,6,3,2023-04,135.52,2023-04-28
4534,6,4,2023-04,242.29,2023-04-28
4535,6,5,2023-04,853.87,2023-04-28
4536,6,6,2023-04,170.86,2023-04-28
4537,7,1,2023-04,6839.72,2023-04-28
4538,7,2,2023-04,965.90,2023-04-28
4539,7,3,2023-04,110.62,2023-04-28
4540,7,4,2023-04,242.29,2023-04-28
4541,7,5,2023-04,787.48,2023-04-28
4542,7,6,2023-04,148.35,2023-04-28
4543,8,1,2023-04,7477.32,2023-04-28
4544,8,2,2023-04,1121.18,2023-04-28
4545,8,3,2023-04,139.48,2023-04-28
4546,8,4,2023-04,242.29,2023-04-28
4547,8,5,2023-04,731.18,2023-04-28
4548,8,6,2023-04,168.55,2023-04-28
4549,9,1,2023-04,5854.33,2023-04-28
4550,9,2,2023-04,913.61,2023-04-28
4551,9,3,2023-04,96.43,2023-04-28
4552,9,4,2023-04,242.29,2023-04-28
4553,9,5,2023-04,559.13,2023-04-28
4554,9,6,2023-04,130.30,2023-04-28
4555,10,1,2023-04,7245.46,2023-04-28
4556,10,2,2023-04,981.25,2023-04-28
4557,10,3,2023-04,122.10,2023-04-28
4558,10,4,2023-04,242.29,2023-04-28
4559,10,5,2023-04,507.40,2023-04-28
4560,10,6,2023-04,155.74,2023-04-28
4561,11,1,2023-04,6955.64,2023-04-28
4562,11,2,2023-04,1026.62,2023-04-28
4563,11,3,2023-04,114.65,2023-04-28
4564,11,4,2023-04,242.29,2023-04-28
4565,11,5,2023-04,720.38,2023-04-28
4566,11,6,2023-04,146.94,2023-04-28
4567,12,1,2023-04,5622.48,2023-04-28
4568,12,2,2023-04,856.68,2023-04-28
4569,12,3,2023-04,98.14,2023-04-28
4570,12,4,2023-04,242.29,2023-04-28
4571,12,5,2023-04,471.12,2023-04-28
4572,12,6,2023-04,130.47,2023-04-28
4573,13,1,2023-04,7129.54,2023-04-28
4574,13,2,2023-04,966.27,2023-04-28
4575,13,3,2023-04,127.38,2023-04-28
4576,13,4,2023-04,242.29,2023-04-28
4577,13,5,2023-04,677.38,2023-04-28
4578,13,6,2023-04,164.57,2023-04-28
4579,1,1,2023-05,15012.60,2023-05-28
4580,1,2,2023-05,2125.47,2023-05-28
4581,1,3,2023-05,265.62,2023-05-28
4582,1,4,2023-05,242.29,2023-05-28
4583,1,5,2023-05,1272.66,2023-05-28
4584,1,6,2023-05,334.60,2023-05-28
4585,2,1,2023-05,11534.78,2023-05-28
4586,2,2,2023-05,1692.49,2023-05-28
4587,2,3,2023-05,190.56,2023-05-28
4588,2,4,2023-05,242.29,2023-05-28
4589,2,5,2023-05,1258.25,2023-05-28
4590,2,6,2023-05,263.29,2023-05-28
4591,3,1,2023-05,9564.01,2023-05-28
4592,3,2,2023-05,1485.51,2023-05-28
4593,3,3,2023-05,175.95,2023-05-28
4594,3,4,2023-05,242.29,2023-05-28
4595,3,5,2023-05,660.69,2023-05-28
4596,3,6,2023-05,208.57,2023-05-28
4597,4,1,2023-05,7767.14,2023-05-28
4598,4,2,2023-05,1156.43,2023-05-28
4599,4,3,2023-05,126.98,2023-05-28
4600,4,4,2023-05,242.29,2023-05-28
4601,4,5,2023-05,678.75,2023-05-28
4602,4,6,2023-05,171.50,2023-05-28
4603,5,1,2023-05,6028.23,2023-05-28
4604,5,2,2023-05,855.22,2023-05-28
4605,5,3,2023-05,106.59,2023-05-28
4606,5,4,2023-05,242.29,2023-05-28
4607,5,5,2023-05,654.40,2023-05-28
4608,5,6,2023-05,128.92,2023-05-28
4609,6,1,2023-05,7941.03,2023-05-28
4610,6,2,2023-05,1203.82,2023-05-28
4611,6,3,2023-05,127.96,2023-05-28
4612,6,4,2023-05,242.29,2023-05-28
4613,6,5,2023-05,901.41,2023-05-28
4614,6,6,2023-05,171.88,2023-05-28
4615,7,1,2023-05,6839.72,2023-05-28
4616,7,2,2023-05,988.00,2023-05-28
4617,7,3,2023-05,125.19,2023-05-28
4618,7,4,2023-05,242.29,2023-05-28
4619,7,5,2023-05,724.83,2023-05-28
4620,7,6,2023-05,151.59,2023-05-28
4621,8,1,2023-05,7477.32,2023-05-28
4622,8,2,2023-05,1103.62,2023-05-28
4623,8,3,2023-05,134.51,2023-05-28
4624,8,4,2023-05,242.29,2023-05-28
4625,8,5,2023-05,517.67,2023-05-28
4626,8,6,2023-05,157.50,2023-05-28
4627,9,1,2023-05,5854.33,2023-05-28
4628,9,2,2023-05,902.64,2023-05-28
4629,9,3,2023-05,112.04,2023-05-28
4630,9,4,2023-05,242.29,2023-05-28
4631,9,5,2023-05,418.46,2023-05-28
4632,9,6,2023-05,127.54,2023-05-28
4633,10,1,2023-05,7245.46,2023-05-28
4634,10,2,2023-05,1069.03,2023-05-28
4635,10,3,2023-05,130.09,2023-05-28
4636,10,4,2023-05,242.29,2023-05-28
4637,10,5,2023-05,666.16,2023-05-28
4638,10,6,2023-05,166.40,2023-05-28
4639,11,1,2023-05,6955.64,2023-05-28
4640,11,2,2023-05,942.42,2023-05-28
4641,11,3,2023-05,135.46,2023-05-28
4642,11,4,2023-05,242.29,2023-05-28
4643,11,5,2023-05,563.12,2023-05-28
4644,11,6,2023-05,149.53,2023-05-28
4645,12,1,2023-05,5622.48,2023-05-28
4646,12,2,2023-05,836.47,2023-05-28
4647,12,3,2023-05,103.24,2023-05-28
4648,12,4,2023-05,242.29,2023-05-28
4649,12,5,2023-05,483.62,2023-05-28
4650,12,6,2023-05,130.80,2023-05-28
4651,13,1,2023-05,7129.54,2023-05-28
4652,13,2,2023-05,1028.42,2023-05-28
4653,13,3,2023-05,116.05,2023-05-28
4654,13,4,2023-05,242.29,2023-05-28
4655,13,5,2023-05,548.83,2023-05-28
4656,13,6,2023-05,153.03,2023-05-28
4657,1,1,2023-06,15012.60,2023-06-28
4658,1,2,2023-06,2073.03,2023-06-28
4659,1,3,2023-06,265.36,2023-06-28
4660,1,4,2023-06,242.29,2023-06-28
4661,1,5,2023-06,1392.84,2023-06-28
4662,1,6,2023-06,338.51,2023-06-28
4663,2,1,2023-06,11534.78,2023-06-28
4664,2,2,2023-06,1721.50,2023-06-28
4665,2,3,2023-06,185.76,2023-06-28
4666,2,4,2023-06,242.29,2023-06-28
4667,2,5,2023-06,1206.30,2023-06-28
4668,2,6,2023-06,253.18,2023-06-28
4669,3,1,2023-06,9564.01,2023-06-28
4670,3,2,2023-06,1349.83,2023-06-28
4671,3,3,2023-06,162.27,2023-06-28
4672,3,4,2023-06,242.29,2023-06-28
4673,3,5,2023-06,930.91,2023-06-28
4674,3,6,2023-06,208.41,2023-06-28
4675,4,1,2023-06,7767.14,2023-06-28
4676,4,2,2023-06,1102.85,2023-06-28
4677,4,3,2023-06,130.87,2023-06-28
4678,4,4,2023-06,242.29,2023-06-28
4679,4,5,2023-06,798.68,2023-06-28
4680,4,6,2023-06,169.32,2023-06-28
4681,5,1,2023-06,6028.23,2023-06-28
4682,5,2,2023-06,829.66,2023-06-28
4683,5,3,2023-06,109.41,2023-06-28
4684,5,4,2023-06,242.29,2023-06-28
4685,5,5,2023-06,434.12,2023-06-28
4686,5,6,2023-06,129.01,2023-06-28
4687,6,1,2023-06,7941.03,2023-06-28
4688,6,2,2023-06,1080.14,2023-06-28
4689,6,3,2023-06,147.97,2023-06-28
4690,6,4,2023-06,242.29,2023-06-28
4691,6,5,2023-06,668.04,2023-06-28
4692,6,6,2023-06,178.90,2023-06-28
4693,7,1,2023-06,6839.72,2023-06-28
4694,7,2,2023-06,999.46,2023-06-28
4695,7,3,2023-06,132.51,2023-06-28
4696,7,4,2023-06,242.29,2023-06-28
4697,7,5,2023-06,576.52,2023-06-28
4698,7,6,2023-06,149.55,2023-06-28
4699,8,1,2023-06,7477.32,2023-06-28
4700,8,2,2023-06,1057.23,2023-06-28
4701,8,3,2023-06,131.17,2023-06-28
4702,8,4,2023-06,242.29,2023-06-28
4703,8,5,2023-06,656.57,2023-06-28
4704,8,6,2023-06,162.75,2023-06-28
4705,9,1,2023-06,5854.33,2023-06-28
4706,9,2,2023-06,789.01,2023-06-28
4707,9,3,2023-06,112.46,2023-06-28
4708,9,4,2023-06,242.29,2023-06-28
4709,9,5,2023-06,489.95,2023-06-28
4710,9,6,2023-06,123.32,2023-06-28
4711,10,1,2023-06,7245.46,2023-06-28
4712,10,2,2023-06,1008.99,2023-06-28
4713,10,3,2023-06,130.37,2023-06-28
4714,10,4,2023-06,242.29,2023-06-28
4715,10,5,2023-06,824.67,2023-06-28
4716,10,6,2023-06,156.05,2023-06-28
4717,11,1,2023-06,6955.64,2023-06-28
4718,11,2,2023-06,1050.21,2023-06-28
4719,11,3,2023-06,117.44,2023-06-28
4720,11,4,2023-06,242.29,2023-06-28
4721,11,5,2023-06,678.57,2023-06-28
4722,11,6,2023-06,154.68,2023-06-28
4723,12,1,2023-06,5622.48,2023-06-28
4724,12,2,2023-06,842.01,2023-06-28
4725,12,3,2023-06,103.74,2023-06-28
4726,12,4,2023-06,242.29,2023-06-28
4727,12,5,2023-06,410.76,2023-06-28
4728,12,6,2023-06,123.74,2023-06-28
4729,13,1,2023-06,7129.54,2023-06-28
4730,13,2,2023-06,1045.69,2023-06-28
4731,13,3,2023-06,122.35,2023-06-28
4732,13,4,2023-06,242.29,2023-06-28
4733,13,5,2023-06,700.65,2023-06-28
4734,13,6,2023-06,159.59,2023-06-28
4735,1,1,2023-07,15012.60,2023-07-28
4736,1,2,2023-07,1955.81,2023-07-28
4737,1,3,2023-07,262.46,2023-07-28
4738,1,4,2023-07,242.29,2023-07-28
4739,1,5,2023-07,1259.12,2023-07-28
4740,1,6,2023-07,324.16,2023-07-28
4741,2,1,2023-07,11534.78,2023-07-28
4742,2,2,2023-07,1560.96,2023-07-28
4743,2,3,2023-07,186.12,2023-07-28
4744,2,4,2023-07,242.29,2023-07-28
4745,2,5,2023-07,911.22,2023-07-28
4746,2,6,2023-07,246.75,2023-07-28
4747,3,1,2023-07,9564.01,2023-07-28
4748,3,2,2023-07,1156.22,2023-07-28
4749,3,3,2023-07,172.33,2023-07-28
4750,3,4,2023-07,242.29,2023-07-28
4751,3,5,2023-07,1038.32,2023-07-28
4752,3,6,2023-07,212.78,2023-07-28
4753,4,1,2023-07,7767.14,2023-07-28
4754,4,2,2023-07,1053.59,2023-07-28
4755,4,3,2023-07,138.09,2023-07-28
4756,4,4,2023-07,242.29,2023-07-28
4757,4,5,2023-07,686.78,2023-07-28
4758,4,6,2023-07,164.78,2023-07-28
4759,5,1,2023-07,6028.23,2023-07-28
4760,5,2,2023-07,828.48,2023-07-28
4761,5,3,2023-07,116.71,2023-07-28
4762,5,4,2023-07,242.29,2023-07-28
4763,5,5,2023-07,604.37,2023-07-28
4764,5,6,2023-07,128.91,2023-07-28
4765,6,1,2023-07,7941.03,2023-07-28
4766,6,2,2023-07,1098.74,2023-07-28
4767,6,3,2023-07,129.47,2023-07-28
4768,6,4,2023-07,242.29,2023-07-28
4769,6,5,2023-07,546.61,2023-07-28
4770,6,6,2023-07,177.32,2023-07-28
4771,7,1,2023-07,6839.72,2023-07-28
4772,7,2,2023-07,877.80,2023-07-28
4773,7,3,2023-07,117.53,2023-07-28
4774,7,4,2023-07,242.29,2023-07-28
4775,7,5,2023-07,766.32,2023-07-28
4776,7,6,2023-07,153.64,2023-07-28
4777,8,1,2023-07,7477.32,2023-07-28
4778,8,2,2023-07,976.67,2023-07-28
4779,8,3,2023-07,136.32,2023-07-28
4780,8,4,2023-07,242.29,2023-07-28
4781,8,5,2023-07,865.90,2023-07-28
4782,8,6,2023-07,158.43,2023-07-28
4783,9,1,2023-07,5854.33,2023-07-28
4784,9,2,2023-07,749.42,2023-07-28
4785,9,3,2023-07,104.54,2023-07-28
4786,9,4,2023-07,242.29,2023-07-28
4787,9,5,2023-07,498.34,2023-07-28
4788,9,6,2023-07,132.37,2023-07-28
4789,10,1,2023-07,7245.46,2023-07-28
4790,10,2,2023-07,957.25,2023-07-28
4791,10,3,2023-07,126.67,2023-07-28
4792,10,4,2023-07,242.29,2023-07-28
4793,10,5,2023-07,552.17,2023-07-28
4794,10,6,2023-07,166.03,2023-07-28
4795,11,1,2023-07,6955.64,2023-07-28
4796,11,2,2023-07,888.89,2023-07-28
4797,11,3,2023-07,125.91,2023-07-28
4798,11,4,2023-07,242.29,2023-07-28
4799,11,5,2023-07,541.43,2023-07-28
4800,11,6,2023-07,156.99,2023-07-28
4801,12,1,2023-07,5622.48,2023-07-28
4802,12,2,2023-07,743.56,2023-07-28
4803,12,3,2023-07,101.85,2023-07-28
4804,12,4,2023-07,242.29,2023-07-28
4805,12,5,2023-07,562.34,2023-07-28
4806,12,6,2023-07,118.66,2023-07-28
4807,13,1,2023-07,7129.54,2023-07-28
4808,13,2,2023-07,875.66,2023-07-28
4809,13,3,2023-07,119.00,2023-07-28
4810,13,4,2023-07,242.29,2023-07-28
4811,13,5,2023-07,759.59,2023-07-28
4812,13,6,2023-07,164.41,2023-07-28
4813,1,1,2023-08,15012.60,2023-08-28
4814,1,2,2023-08,1919.82,2023-08-28
4815,1,3,2023-08,280.64,2023-08-28
4816,1,4,2023-08,242.29,2023-08-28
4817,1,5,2023-08,1239.58,2023-08-28
4818,1,6,2023-08,331.25,2023-08-28
4819,2,1,2023-08,11534.78,2023-08-28
4820,2,2,2023-08,1582.67,2023-08-28
4821,2,3,2023-08,204.63,2023-08-28
4822,2,4,2023-08,242.29,2023-08-28
4823,2,5,2023-08,951.95,2023-08-28
4824,2,6,2023-08,266.51,2023-08-28
4825,3,1,2023-08,9564.01,2023-08-28
4826,3,2,2023-08,1274.30,2023-08-28
4827,3,3,2023-08,178.39,2023-08-28
4828,3,4,2023-08,242.29,2023-08-28
4829,3,5,2023-08,667.27,2023-08-28
4830,3,6,2023-08,213.85,2023-08-28
4831,4,1,2023-08,7767.14,2023-08-28
4832,4,2,2023-08,969.47,2023-08-28
4833,4,3,2023-08,131.65,2023-08-28
4834,4,4,2023-08,242.29,2023-08-28
4835,4,5,2023-08,696.90,2023-08-28
4836,4,6,2023-08,175.97,2023-08-28
4837,5,1,2023-08,6028.23,2023-08-28
4838,5,2,2023-08,741.86,2023-08-28
4839,5,3,2023-08,98.46,2023-08-28
4840,5,4,2023-08,242.29,2023-08-28
4841,5,5,2023-08,671.02,2023-08-28
4842,5,6,2023-08,140.02,2023-08-28
4843,6,1,2023-08,7941.03,2023-08-28
4844,6,2,2023-08,949.73,2023-08-28
4845,6,3,2023-08,149.86,2023-08-28
4846,6,4,2023-08,242.29,2023-08-28
4847,6,5,2023-08,592.82,2023-08-28
4848,6,6,2023-08,177.47,2023-08-28
4849,7,1,2023-08,6839.72,2023-08-28
4850,7,2,2023-08,942.45,2023-08-28
4851,7,3,2023-08,116.20,2023-08-28
4852,7,4,2023-08,242.29,2023-08-28
4853,7,5,2023-08,750.50,2023-08-28
4854,7,6,2023-08,149.15,2023-08-28
4855,8,1,2023-08,7477.32,2023-08-28
4856,8,2,2023-08,1002.29,2023-08-28
4857,8,3,2023-08,132.75,2023-08-28
4858,8,4,2023-08,242.29,2023-08-28
4859,8,5,2023-08,515.84,2023-08-28
4860,8,6,2023-08,160.92,2023-08-28
4861,9,1,2023-08,5854.33,2023-08-28
4862,9,2,2023-08,749.81,2023-08-28
4863,9,3,2023-08,96.37,2023-08-28
4864,9,4,2023-08,242.29,2023-08-28
4865,9,5,2023-08,490.52,2023-08-28
4866,9,6,2023-08,123.85,2023-08-28
4867,10,1,2023-08,7245.46,2023-08-28
4868,10,2,2023-08,970.19,2023-08-28
4869,10,3,2023-08,133.57,2023-08-28
4870,10,4,2023-08,242.29,2023-08-28
4871,10,5,2023-08,752.55,2023-08-28
4872,10,6,2023-08,161.71,2023-08-28
4873,11,1,2023-08,6955.64,2023-08-28
4874,11,2,2023-08,887.78,2023-08-28
4875,11,3,2023-08,131.37,2023-08-28
4876,11,4,2023-08,242.29,2023-08-28
4877,11,5,2023-08,516.36,2023-08-28
4878,11,6,2023-08,157.01,2023-08-28
4879,12,1,2023-08,5622.48,2023-08-28
4880,12,2,2023-08,769.58,2023-08-28
4881,12,3,2023-08,102.84,2023-08-28
4882,12,4,2023-08,242.29,2023-08-28
4883,12,5,2023-08,565.50,2023-08-28
4884,12,6,2023-08,129.22,2023-08-28
4885,13,1,2023-08,7129.54,2023-08-28
4886,13,2,2023-08,864.30,2023-08-28
4887,13,3,2023-08,121.01,2023-08-28
4888,13,4,2023-08,242.29,2023-08-28
4889,13,5,2023-08,749.27,2023-08-28
4890,13,6,2023-08,165.16,2023-08-28
4891,1,1,2023-09,15012.60,2023-09-28
4892,1,2,2023-09,1801.87,2023-09-28
4893,1,3,2023-09,253.82,2023-09-28
4894,1,4,2023-09,242.29,2023-09-28
4895,1,5,2023-09,1106.61,2023-09-28
4896,1,6,2023-09,326.41,2023-09-28
4897,2,1,2023-09,11534.78,2023-09-28
4898,2,2,2023-09,1379.10,2023-09-28
4899,2,3,2023-09,212.65,2023-09-28
4900,2,4,2023-09,242.29,2023-09-28
4901,2,5,2023-09,1303.51,2023-09-28
4902,2,6,2023-09,261.37,2023-09-28
4903,3,1,2023-09,9564.01,2023-09-28
4904,3,2,2023-09,1318.34,2023-09-28
4905,3,3,2023-09,178.77,2023-09-28
4906,3,4,2023-09,242.29,2023-09-28
4907,3,5,2023-09,780.06,2023-09-28
4908,3,6,2023-09,206.55,2023-09-28
4909,4,1,2023-09,7767.14,2023-09-28
4910,4,2,2023-09,1024.68,2023-09-28
4911,4,3,2023-09,141.14,2023-09-28
4912,4,4,2023-09,242.29,2023-09-28
4913,4,5,2023-09,709.17,2023-09-28
4914,4,6,2023-09,180.39,2023-09-28
4915,5,1,2023-09,6028.23,2023-09-28
4916,5,2,2023-09,792.49,2023-09-28
4917,5,3,2023-09,112.19,2023-09-28
4918,5,4,2023-09,242.29,2023-09-28
4919,5,5,2023-09,623.94,2023-09-28
4920,5,6,2023-09,139.66,2023-09-28
4921,6,1,2023-09,7941.03,2023-09-28
4922,6,2,2023-09,994.53,2023-09-28
4923,6,3,2023-09,139.98,2023-09-28
4924,6,4,2023-09,242.29,2023-09-28
4925,6,5,2023-09,849.28,2023-09-28
4926,6,6,2023-09,168.70,2023-09-28
4927,7,1,2023-09,6839.72,2023-09-28
4928,7,2,2023-09,870.48,2023-09-28
4929,7,3,2023-09,117.27,2023-09-28
4930,7,4,2023-09,242.29,2023-09-28
4931,7,5,2023-09,573.62,2023-09-28
4932,7,6,2023-09,157.25,2023-09-28
4933,8,1,2023-09,7477.32,2023-09-28
4934,8,2,2023-09,1040.76,2023-09-28
4935,8,3,2023-09,130.27,2023-09-28
4936,8,4,2023-09,242.29,2023-09-28
4937,8,5,2023-09,599.52,2023-09-28
4938,8,6,2023-09,158.45,2023-09-28
4939,9,1,2023-09,5854.33,2023-09-28
4940,9,2,2023-09,713.68,2023-09-28
4941,9,3,2023-09,94.28,2023-09-28
4942,9,4,2023-09,242.29,2023-09-28
4943,9,5,2023-09,395.52,2023-09-28
4944,9,6,2023-09,132.37,2023-09-28
4945,10,1,2023-09,7245.46,2023-09-28
4946,10,2,2023-09,876.15,2023-09-28
4947,10,3,2023-09,123.28,2023-09-28
4948,10,4,2023-09,242.29,2023-09-28
4949,10,5,2023-09,836.31,2023-09-28
4950,10,6,2023-09,156.56,2023-09-28
4951,11,1,2023-09,6955.64,2023-09-28
4952,11,2,2023-09,901.86,2023-09-28
4953,11,3,2023-09,123.45,2023-09-28
4954,11,4,2023-09,242.29,2023-09-28
4955,11,5,2023-09,690.42,2023-09-28
4956,11,6,2023-09,154.77,2023-09-28
4957,12,1,2023-09,5622.48,2023-09-28
4958,12,2,2023-09,767.77,2023-09-28
4959,12,3,2023-09,92.91,2023-09-28
4960,12,4,2023-09,242.29,2023-09-28
4961,12,5,2023-09,598.76,2023-09-28
4962,12,6,2023-09,120.75,2023-09-28
4963,13,1,2023-09,7129.54,2023-09-28
4964,13,2,2023-09,881.04,2023-09-28
4965,13,3,2023-09,114.91,2023-09-28
4966,13,4,2023-09,242.29,2023-09-28
4967,13,5,2023-09,775.62,2023-09-28
4968,13,6,2023-09,162.16,2023-09-28
4969,1,1,2023-10,15012.60,2023-10-28
4970,1,2,2023-10,1860.26,2023-10-28
4971,1,3,2023-10,269.61,2023-10-28
4972,1,4,2023-10,242.29,2023-10-28
4973,1,5,2023-10,1715.03,2023-10-28
4974,1,6,2023-10,330.79,2023-10-28
4975,2,1,2023-10,11534.78,2023-10-28
4976,2,2,2023-10,1401.19,2023-10-28
4977,2,3,2023-10,197.60,2023-10-28
4978,2,4,2023-10,242.29,2023-10-28
4979,2,5,2023-10,917.86,2023-10-28
4980,2,6,2023-10,263.28,2023-10-28
4981,3,1,2023-10,9564.01,2023-10-28
4982,3,2,2023-10,1303.93,2023-10-28
4983,3,3,2023-10,183.11,2023-10-28
4984,3,4,2023-10,242.29,2023-10-28
4985,3,5,2023-10,1022.60,2023-10-28
4986,3,6,2023-10,218.57,2023-10-28
4987,4,1,2023-10,7767.14,2023-10-28
4988,4,2,2023-10,1016.78,2023-10-28
4989,4,3,2023-10,127.04,2023-10-28
4990,4,4,2023-10,242.29,2023-10-28
4991,4,5,2023-10,618.79,2023-10-28
4992,4,6,2023-10,173.83,2023-10-28
4993,5,1,2023-10,6028.23,2023-10-28
4994,5,2,2023-10,762.95,2023-10-28
4995,5,3,2023-10,102.52,2023-10-28
4996,5,4,2023-10,242.29,2023-10-28
4997,5,5,2023-10,695.00,2023-10-28
4998,5,6,2023-10,129.46,2023-10-28
4999,6,1,2023-10,7941.03,2023-10-28
5000,6,2,2023-10,969.66,2023-10-28
5001,6,3,2023-10,128.76,2023-10-28
5002,6,4,2023-10,242.29,2023-10-28
5003,6,5,2023-10,791.93,2023-10-28
5004,6,6,2023-10,184.31,2023-10-28
5005,7,1,2023-10,6839.72,2023-10-28
5006,7,2,2023-10,900.42,2023-10-28
5007,7,3,2023-10,129.52,2023-10-28
5008,7,4,2023-10,242.29,2023-10-28
5009,7,5,2023-10,725.94,2023-10-28
5010,7,6,2023-10,158.27,2023-10-28
5011,8,1,2023-10,7477.32,2023-10-28
5012,8,2,2023-10,1015.48,2023-10-28
5013,8,3,2023-10,132.00,2023-10-28
5014,8,4,2023-10,242.29,2023-10-28
5015,8,5,2023-10,556.24,2023-10-28
5016,8,6,2023-10,164.75,2023-10-28
5017,9,1,2023-10,5854.33,2023-10-28
5018,9,2,2023-10,772.90,2023-10-28
5019,9,3,2023-10,96.42,2023-10-28
5020,9,4,2023-10,242.29,2023-10-28
5021,9,5,2023-10,543.86,2023-10-28
5022,9,6,2023-10,126.12,2023-10-28
5023,10,1,2023-10,7245.46,2023-10-28
5024,10,2,2023-10,947.85,2023-10-28
5025,10,3,2023-10,117.96,2023-10-28
5026,10,4,2023-10,242.29,2023-10-28
5027,10,5,2023-10,634.23,2023-10-28
5028,10,6,2023-10,159.66,2023-10-28
5029,11,1,2023-10,6955.64,2023-10-28
5030,11,2,2023-10,922.53,2023-10-28
5031,11,3,2023-10,119.22,2023-10-28
5032,11,4,2023-10,242.29,2023-10-28
5033,11,5,2023-10,505.21,2023-10-28
5034,11,6,2023-10,161.03,2023-10-28
5035,12,1,2023-10,5622.48,2023-10-28
5036,12,2,2023-10,708.86,2023-10-28
5037,12,3,2023-10,107.09,2023-10-28
5038,12,4,2023-10,242.29,2023-10-28
5039,12,5,2023-10,389.91,2023-10-28
5040,12,6,2023-10,120.66,2023-10-28
5041,13,1,2023-10,7129.54,2023-10-28
5042,13,2,2023-10,897.21,2023-10-28
5043,13,3,2023-10,128.62,2023-10-28
5044,13,4,2023-10,242.29,2023-10-28
5045,13,5,2023-10,718.97,2023-10-28
5046,13,6,2023-10,160.45,2023-10-28
5047,1,1,2023-11,15012.60,2023-11-28
5048,1,2,2023-11,2029.47,2023-11-28
5049,1,3,2023-11,262.42,2023-11-28
5050,1,4,2023-11,242.29,2023-11-28
5051,1,5,2023-11,1567.25,2023-11-28
5052,1,6,2023-11,343.74,2023-11-28
5053,2,1,2023-11,11534.78,2023-11-28
5054,2,2,2023-11,1380.95,2023-11-28
5055,2,3,2023-11,192.26,2023-11-28
5056,2,4,2023-11,242.29,2023-11-28
5057,2,5,2023-11,1110.05,2023-11-28
5058,2,6,2023-11,266.95,2023-11-28
5059,3,1,2023-11,9564.01,2023-11-28
5060,3,2,2023-11,1319.68,2023-11-28
5061,3,3,2023-11,180.06,2023-11-28
5062,3,4,2023-11,242.29,2023-11-28
5063,3,5,2023-11,911.01,2023-11-28
5064,3,6,2023-11,204.89,2023-11-28
5065,4,1,2023-11,7767.14,2023-11-28
5066,4,2,2023-11,1020.52,2023-11-28
5067,4,3,2023-11,131.97,2023-11-28
5068,4,4,2023-11,242.29,2023-11-28
5069,4,5,2023-11,545.50,2023-11-28
5070,4,6,2023-11,177.55,2023-11-28
5071,5,1,2023-11,6028.23,2023-11-28
5072,5,2,2023-11,787.21,2023-11-28
5073,5,3,2023-11,99.29,2023-11-28
5074,5,4,2023-11,242.29,2023-11-28
5075,5,5,2023-11,603.27,2023-11-28
5076,5,6,2023-11,131.94,2023-11-28
5077,6,1,2023-11,7941.03,2023-11-28
5078,6,2,2023-11,1086.40,2023-11-28
5079,6,3,2023-11,138.83,2023-11-28
5080,6,4,2023-11,242.29,2023-11-28
5081,6,5,2023-11,573.99,2023-11-28
5082,6,6,2023-11,179.79,2023-11-28
5083,7,1,2023-11,6839.72,2023-11-28
5084,7,2,2023-11,919.74,2023-11-28
5085,7,3,2023-11,120.16,2023-11-28
5086,7,4,2023-11,242.29,2023-11-28
5087,7,5,2023-11,650.51,2023-11-28
5088,7,6,2023-11,157.57,2023-11-28
5089,8,1,2023-11,7477.32,2023-11-28
5090,8,2,2023-11,1030.55,2023-11-28
5091,8,3,2023-11,141.53,2023-11-28
5092,8,4,2023-11,242.29,2023-11-28
5093,8,5,2023-11,574.37,2023-11-28
5094,8,6,2023-11,171.39,2023-11-28
5095,9,1,2023-11,5854.33,2023-11-28
5096,9,2,2023-11,744.78,2023-11-28
5097,9,3,2023-11,100.98,2023-11-28
5098,9,4,2023-11,242.29,2023-11-28
5099,9,5,2023-11,612.08,2023-11-28
5100,9,6,2023-11,129.34,2023-11-28
5101,10,1,2023-11,7245.46,2023-11-28
5102,10,2,2023-11,986.50,2023-11-28
5103,10,3,2023-11,118.60,2023-11-28
5104,10,4,2023-11,242.29,2023-11-28
5105,10,5,2023-11,526.61,2023-11-28
5106,10,6,2023-11,164.29,2023-11-28
5107,11,1,2023-11,6955.64,2023-11-28
5108,11,2,2023-11,940.20,2023-11-28
5109,11,3,2023-11,124.16,2023-11-28
5110,11,4,2023-11,242.29,2023-11-28
5111,11,5,2023-11,736.79,2023-11-28
5112,11,6,2023-11,161.66,2023-11-28
5113,12,1,2023-11,5622.48,2023-11-28
5114,12,2,2023-11,752.68,2023-11-28
5115,12,3,2023-11,105.62,2023-11-28
5116,12,4,2023-11,242.29,2023-11-28
5117,12,5,2023-11,408.98,2023-11-28
5118,12,6,2023-11,120.76,2023-11-28
5119,13,1,2023-11,7129.54,2023-11-28
5120,13,2,2023-11,948.52,2023-11-28
5121,13,3,2023-11,133.98,2023-11-28
5122,13,4,2023-11,242.29,2023-11-28
5123,13,5,2023-11,766.27,2023-11-28
5124,13,6,2023-11,158.30,2023-11-28
5125,1,1,2023-12,15012.60,2023-12-28
5126,1,2,2023-12,1989.22,2023-12-28
5127,1,3,2023-12,242.65,2023-12-28
5128,1,4,2023-12,242.29,2023-12-28
5129,1,5,2023-12,1366.37,2023-12-28
5130,1,6,2023-12,342.90,2023-12-28
5131,2,1,2023-12,11534.78,2023-12-28
5132,2,2,2023-12,1579.12,2023-12-28
5133,2,3,2023-12,219.83,2023-12-28
5134,2,4,2023-12,242.29,2023-12-28
5135,2,5,2023-12,859.81,2023-12-28
5136,2,6,2023-12,247.63,2023-12-28
5137,3,1,2023-12,9564.01,2023-12-28
5138,3,2,2023-12,1145.85,2023-12-28
5139,3,3,2023-12,182.63,2023-12-28
5140,3,4,2023-12,242.29,2023-12-28
5141,3,5,2023-12,941.58,2023-12-28
5142,3,6,2023-12,215.27,2023-12-28
5143,4,1,2023-12,7767.14,2023-12-28
5144,4,2,2023-12,957.90,2023-12-28
5145,4,3,2023-12,130.25,2023-12-28
5146,4,4,2023-12,242.29,2023-12-28
5147,4,5,2023-12,806.43,2023-12-28
5148,4,6,2023-12,170.46,2023-12-28
5149,5,1,2023-12,6028.23,2023-12-28
5150,5,2,2023-12,740.10,2023-12-28
5151,5,3,2023-12,103.77,2023-12-28
5152,5,4,2023-12,242.29,2023-12-28
5153,5,5,2023-12,444.46,2023-12-28
5154,5,6,2023-12,133.76,2023-12-28
5155,6,1,2023-12,7941.03,2023-12-28
5156,6,2,2023-12,1043.97,2023-12-28
5157,6,3,2023-12,149.13,2023-12-28
5158,6,4,2023-12,242.29,2023-12-28
5159,6,5,2023-12,733.81,2023-12-28
5160,6,6,2023-12,175.12,2023-12-28
5161,7,1,2023-12,6839.72,2023-12-28
5162,7,2,2023-12,949.58,2023-12-28
5163,7,3,2023-12,116.29,2023-12-28
5164,7,4,2023-12,242.29,2023-12-28
5165,7,5,2023-12,727.74,2023-12-28
5166,7,6,2023-12,151.02,2023-12-28
5167,8,1,2023-12,7477.32,2023-12-28
5168,8,2,2023-12,922.95,2023-12-28
5169,8,3,2023-12,128.93,2023-12-28
5170,8,4,2023-12,242.29,2023-12-28
5171,8,5,2023-12,569.00,2023-12-28
5172,8,6,2023-12,162.11,2023-12-28
5173,9,1,2023-12,5854.33,2023-12-28
5174,9,2,2023-12,724.71,2023-12-28
5175,9,3,2023-12,105.17,2023-12-28
5176,9,4,2023-12,242.29,2023-12-28
5177,9,5,2023-12,473.79,2023-12-28
5178,9,6,2023-12,132.05,2023-12-28
5179,10,1,2023-12,7245.46,2023-12-28
5180,10,2,2023-12,964.41,2023-12-28
5181,10,3,2023-12,118.47,2023-12-28
5182,10,4,2023-12,242.29,2023-12-28
5183,10,5,2023-12,596.30,2023-12-28
5184,10,6,2023-12,155.90,2023-12-28
5185,11,1,2023-12,6955.64,2023-12-28
5186,11,2,2023-12,912.72,2023-12-28
5187,11,3,2023-12,114.36,2023-12-28
5188,11,4,2023-12,242.29,2023-12-28
5189,11,5,2023-12,640.72,2023-12-28
5190,11,6,2023-12,151.34,2023-12-28
5191,12,1,2023-12,5622.48,2023-12-28
5192,12,2,2023-12,714.28,2023-12-28
5193,12,3,2023-12,102.60,2023-12-28
5194,12,4,2023-12,242.29,2023-12-28
5195,12,5,2023-12,454.10,2023-12-28
5196,12,6,2023-12,118.53,2023-12-28
5197,13,1,2023-12,7129.54,2023-12-28
5198,13,2,2023-12,953.02,2023-12-28
5199,13,3,2023-12,124.37,2023-12-28
5200,13,4,2023-12,242.29,2023-12-28
5201,13,5,2023-12,733.84,2023-12-28
5202,13,6,2023-12,165.23,2023-12-28
