sal_pay_ID,st_ID,pay_period,base_amount,bonus_amount,deduction_amount,payment_date
5782,1,2025-01,5637.14,0.00,620.09,2025-01-25
5783,2,2025-01,4887.87,0.00,537.67,2025-01-25
5784,3,2025-01,6710.91,0.00,738.20,2025-01-25
5785,4,2025-01,3878.34,0.00,426.62,2025-01-25
5786,5,2025-01,2478.96,0.00,272.69,2025-01-25
5787,6,2025-01,5901.93,0.00,649.21,2025-01-25
5788,7,2025-01,2819.68,0.00,310.16,2025-01-25
5789,8,2025-01,5470.35,0.00,601.74,2025-01-25
5790,9,2025-01,5822.18,0.00,640.44,2025-01-25
5791,10,2025-01,3616.87,0.00,397.86,2025-01-25
5792,11,2025-01,3048.23,0.00,335.31,2025-01-25
5793,12,2025-01,6489.15,0.00,713.81,2025-01-25
5794,13,2025-01,5203.85,0.00,572.42,2025-01-25
5795,14,2025-01,5520.76,0.00,607.28,2025-01-25
5796,15,2025-01,5108.07,0.00,561.89,2025-01-25
5797,16,2025-01,4751.84,0.00,522.70,2025-01-25
5798,18,2025-01,4992.23,0.00,549.15,2025-01-25
5799,19,2025-01,6369.35,0.00,700.63,2025-01-25
5800,20,2025-01,2543.97,0.00,279.84,2025-01-25
5801,21,2025-01,2599.10,0.00,285.90,2025-01-25
5802,22,2025-01,3790.33,0.00,416.94,2025-01-25
5803,23,2025-01,4597.84,0.00,505.76,2025-01-25
5804,24,2025-01,6728.26,0.00,740.11,2025-01-25
5805,25,2025-01,4420.33,0.00,486.24,2025-01-25
5806,26,2025-01,3488.53,0.00,383.74,2025-01-25
5807,27,2025-01,3660.32,0.00,402.64,2025-01-25
5808,28,2025-01,3313.93,0.00,364.53,2025-01-25
5809,29,2025-01,6325.81,0.00,695.84,2025-01-25
5810,30,2025-01,4118.02,0.00,452.98,2025-01-25
5811,31,2025-01,2445.28,0.00,268.98,2025-01-25
5812,32,2025-01,6980.90,0.00,767.90,2025-01-25
5813,33,2025-01,2435.88,0.00,267.95,2025-01-25
5814,34,2025-01,4807.32,0.00,528.81,2025-01-25
5815,35,2025-01,6185.08,0.00,680.36,2025-01-25
5816,36,2025-01,2668.57,0.00,293.54,2025-01-25
5817,37,2025-01,4270.62,0.00,469.77,2025-01-25
5818,38,2025-01,2009.87,0.00,221.09,2025-01-25
5819,39,2025-01,3029.22,0.00,333.21,2025-01-25
5820,40,2025-01,6642.22,0.00,730.64,2025-01-25
5821,41,2025-01,4236.37,0.00,466.00,2025-01-25
5822,42,2025-01,2781.91,0.00,306.01,2025-01-25
5823,43,2025-01,3603.88,0.00,396.43,2025-01-25
5824,44,2025-01,3417.64,0.00,375.94,2025-01-25
5825,45,2025-01,6595.42,0.00,725.50,2025-01-25
5826,46,2025-01,4222.65,0.00,464.49,2025-01-25
5827,47,2025-01,3852.75,0.00,423.80,2025-01-25
5828,49,2025-01,2319.32,0.00,255.13,2025-01-25
5829,50,2025-01,6866.12,0.00,755.27,2025-01-25
5830,51,2025-01,5153.61,0.00,566.90,2025-01-25
5831,52,2025-01,4559.89,0.00,501.59,2025-01-25
5832,53,2025-01,4454.78,0.00,490.03,2025-01-25
5833,54,2025-01,5724.83,0.00,629.73,2025-01-25
5834,55,2025-01,5721.74,0.00,629.39,2025-01-25
5835,56,2025-01,5659.47,0.00,622.54,2025-01-25
5836,57,2025-01,3581.09,0.00,393.92,2025-01-25
5837,58,2025-01,4502.35,0.00,495.26,2025-01-25
5838,59,2025-01,5818.44,0.00,640.03,2025-01-25
5839,60,2025-01,5340.30,0.00,587.43,2025-01-25
5840,61,2025-01,3702.48,0.00,407.27,2025-01-25
5841,62,2025-01,3529.47,0.00,388.24,2025-01-25
5842,63,2025-01,5681.41,0.00,624.96,2025-01-25
5843,64,2025-01,2987.26,0.00,328.60,2025-01-25
5844,65,2025-01,5347.92,0.00,588.27,2025-01-25
5845,66,2025-01,6771.47,0.00,744.86,2025-01-25
5846,67,2025-01,6837.62,0.00,752.14,2025-01-25
5847,68,2025-01,1996.70,0.00,219.64,2025-01-25
5848,69,2025-01,2278.47,0.00,250.63,2025-01-25
5849,70,2025-01,6686.11,0.00,735.47,2025-01-25
5850,71,2025-01,3137.35,0.00,345.11,2025-01-25
5851,72,2025-01,3328.15,0.00,366.10,2025-01-25
5852,73,2025-01,2645.49,0.00,291.00,2025-01-25
5853,74,2025-01,2156.29,0.00,237.19,2025-01-25
5854,75,2025-01,6470.38,0.00,711.74,2025-01-25
5855,76,2025-01,3749.18,0.00,412.41,2025-01-25
5856,77,2025-01,5480.36,0.00,602.84,2025-01-25
5857,78,2025-01,2632.11,0.00,289.53,2025-01-25
5858,80,2025-01,2126.85,0.00,233.95,2025-01-25
5859,81,2025-01,3176.99,0.00,349.47,2025-01-25
5860,82,2025-01,4227.96,0.00,465.08,2025-01-25
5861,83,2025-01,5060.14,0.00,556.62,2025-01-25
5862,84,2025-01,3161.34,0.00,347.75,2025-01-25
5863,85,2025-01,4032.91,0.00,443.62,2025-01-25
5864,86,2025-01,3552.57,0.00,390.78,2025-01-25
5865,87,2025-01,3752.49,0.00,412.77,2025-01-25
5866,88,2025-01,6516.35,0.00,716.80,2025-01-25
5867,89,2025-01,4071.73,0.00,447.89,2025-01-25
5868,90,2025-01,6888.98,0.00,757.79,2025-01-25
5869,91,2025-01,5891.39,0.00,648.05,2025-01-25
5870,92,2025-01,3188.42,0.00,350.73,2025-01-25
5871,93,2025-01,4896.48,0.00,538.61,2025-01-25
5872,94,2025-01,5847.25,0.00,643.20,2025-01-25
5873,95,2025-01,5359.71,0.00,589.57,2025-01-25
5874,96,2025-01,2779.11,0.00,305.70,2025-01-25
5875,97,2025-01,4009.72,0.00,441.07,2025-01-25
5876,98,2025-01,3256.97,0.00,358.27,2025-01-25
5877,99,2025-01,5515.46,0.00,606.70,2025-01-25
5878,100,2025-01,3770.22,0.00,414.72,2025-01-25
5879,101,2025-01,4369.42,0.00,480.64,2025-01-25
5880,102,2025-01,3298.55,0.00,362.84,2025-01-25
5881,103,2025-01,5687.70,0.00,625.65,2025-01-25
5882,104,2025-01,6050.06,0.00,665.51,2025-01-25
5883,105,2025-01,3371.98,0.00,370.92,2025-01-25
5884,106,2025-01,5646.60,0.00,621.13,2025-01-25
5885,107,2025-01,5114.23,0.00,562.57,2025-01-25
5886,108,2025-01,6761.23,0.00,743.74,2025-01-25
5887,109,2025-01,2486.76,0.00,273.54,2025-01-25
5888,110,2025-01,5450.41,0.00,599.55,2025-01-25
5889,111,2025-01,3270.08,0.00,359.71,2025-01-25
5890,112,2025-01,5452.95,0.00,599.82,2025-01-25
5891,113,2025-01,4274.63,0.00,470.21,2025-01-25
5892,114,2025-01,6760.32,0.00,743.64,2025-01-25
5893,1,2025-02,5642.26,0.00,620.65,2025-02-25
5894,2,2025-02,4880.07,0.00,536.81,2025-02-25
5895,3,2025-02,6624.55,0.00,728.70,2025-02-25
5896,4,2025-02,3844.83,0.00,422.93,2025-02-25
5897,5,2025-02,2480.81,0.00,272.89,2025-02-25
5898,6,2025-02,5877.10,0.00,646.48,2025-02-25
5899,7,2025-02,2796.24,0.00,307.59,2025-02-25
5900,8,2025-02,5450.69,0.00,599.58,2025-02-25
5901,9,2025-02,5734.14,0.00,630.76,2025-02-25
5902,10,2025-02,3650.19,0.00,401.52,2025-02-25
5903,11,2025-02,3052.00,0.00,335.72,2025-02-25
5904,12,2025-02,6485.85,0.00,713.44,2025-02-25
5905,13,2025-02,5229.47,0.00,575.24,2025-02-25
5906,14,2025-02,5491.52,0.00,604.07,2025-02-25
5907,15,2025-02,5080.43,0.00,558.85,2025-02-25
5908,16,2025-02,4824.95,0.00,530.74,2025-02-25
5909,18,2025-02,4986.29,0.00,548.49,2025-02-25
5910,19,2025-02,6328.85,0.00,696.17,2025-02-25
5911,20,2025-02,2576.50,0.00,283.42,2025-02-25
5912,21,2025-02,2663.81,0.00,293.02,2025-02-25
5913,22,2025-02,3784.99,0.00,416.35,2025-02-25
5914,23,2025-02,4747.47,0.00,522.22,2025-02-25
5915,24,2025-02,6739.96,0.00,741.40,2025-02-25
5916,25,2025-02,4457.90,0.00,490.37,2025-02-25
5917,26,2025-02,3558.80,0.00,391.47,2025-02-25
5918,27,2025-02,3670.53,0.00,403.76,2025-02-25
5919,28,2025-02,3319.61,0.00,365.16,2025-02-25
5920,29,2025-02,6257.32,0.00,688.31,2025-02-25
5921,30,2025-02,4110.17,0.00,452.12,2025-02-25
5922,31,2025-02,2517.87,0.00,276.97,2025-02-25
5923,32,2025-02,6873.86,0.00,756.12,2025-02-25
5924,33,2025-02,2378.08,0.00,261.59,2025-02-25
5925,34,2025-02,4822.15,0.00,530.44,2025-02-25
5926,35,2025-02,6247.61,0.00,687.24,2025-02-25
5927,36,2025-02,2694.88,0.00,296.44,2025-02-25
5928,37,2025-02,4210.48,0.00,463.15,2025-02-25
5929,38,2025-02,2014.52,0.00,221.60,2025-02-25
5930,39,2025-02,3011.55,0.00,331.27,2025-02-25
5931,40,2025-02,6479.23,0.00,712.72,2025-02-25
5932,41,2025-02,4134.55,0.00,454.80,2025-02-25
5933,42,2025-02,2767.70,0.00,304.45,2025-02-25
5934,43,2025-02,3659.78,0.00,402.58,2025-02-25
5935,44,2025-02,3342.34,0.00,367.66,2025-02-25
5936,45,2025-02,6767.72,0.00,744.45,2025-02-25
5937,46,2025-02,4221.39,0.00,464.35,2025-02-25
5938,47,2025-02,3861.87,0.00,424.81,2025-02-25
5939,49,2025-02,2323.56,0.00,255.59,2025-02-25
5940,50,2025-02,6971.83,0.00,766.90,2025-02-25
5941,51,2025-02,5139.04,0.00,565.29,2025-02-25
5942,52,2025-02,4476.92,0.00,492.46,2025-02-25
5943,53,2025-02,4449.79,0.00,489.48,2025-02-25
5944,54,2025-02,5617.99,0.00,617.98,2025-02-25
5945,55,2025-02,5654.17,0.00,621.96,2025-02-25
5946,56,2025-02,5703.96,0.00,627.44,2025-02-25
5947,57,2025-02,3566.45,0.00,392.31,2025-02-25
5948,58,2025-02,4611.02,0.00,507.21,2025-02-25
5949,59,2025-02,5644.07,0.00,620.85,2025-02-25
5950,60,2025-02,5386.57,0.00,592.52,2025-02-25
5951,61,2025-02,3619.19,0.00,398.11,2025-02-25
5952,62,2025-02,3558.24,0.00,391.41,2025-02-25
5953,63,2025-02,5712.15,0.00,628.34,2025-02-25
5954,64,2025-02,3019.79,0.00,332.18,2025-02-25
5955,65,2025-02,5433.58,0.00,597.69,2025-02-25
5956,66,2025-02,6583.37,0.00,724.17,2025-02-25
5957,67,2025-02,6676.93,0.00,734.46,2025-02-25
5958,68,2025-02,1992.90,0.00,219.22,2025-02-25
5959,69,2025-02,2244.72,0.00,246.92,2025-02-25
5960,70,2025-02,6635.64,0.00,729.92,2025-02-25
5961,71,2025-02,3087.10,0.00,339.58,2025-02-25
5962,72,2025-02,3312.83,0.00,364.41,2025-02-25
5963,73,2025-02,2660.70,0.00,292.68,2025-02-25
5964,74,2025-02,2141.67,0.00,235.58,2025-02-25
5965,75,2025-02,6409.92,0.00,705.09,2025-02-25
5966,76,2025-02,3653.99,0.00,401.94,2025-02-25
5967,77,2025-02,5630.04,0.00,619.30,2025-02-25
5968,78,2025-02,2691.48,0.00,296.06,2025-02-25
5969,80,2025-02,2103.08,0.00,231.34,2025-02-25
5970,81,2025-02,3128.28,0.00,344.11,2025-02-25
5971,82,2025-02,4205.83,0.00,462.64,2025-02-25
5972,83,2025-02,5189.28,0.00,570.82,2025-02-25
5973,84,2025-02,3169.72,0.00,348.67,2025-02-25
5974,85,2025-02,3974.54,0.00,437.20,2025-02-25
5975,86,2025-02,3568.12,0.00,392.49,2025-02-25
5976,87,2025-02,3762.89,0.00,413.92,2025-02-25
5977,88,2025-02,6394.76,0.00,703.42,2025-02-25
5978,89,2025-02,4120.99,0.00,453.31,2025-02-25
5979,90,2025-02,7022.85,0.00,772.51,2025-02-25
5980,91,2025-02,5840.08,0.00,642.41,2025-02-25
5981,92,2025-02,3183.65,0.00,350.20,2025-02-25
5982,93,2025-02,5029.28,0.00,553.22,2025-02-25
5983,94,2025-02,5819.41,0.00,640.14,2025-02-25
5984,95,2025-02,5295.80,0.00,582.54,2025-02-25
5985,96,2025-02,2843.34,0.00,312.77,2025-02-25
5986,97,2025-02,4068.33,0.00,447.52,2025-02-25
5987,98,2025-02,3267.57,0.00,359.43,2025-02-25
5988,99,2025-02,5526.76,0.00,607.94,2025-02-25
5989,100,2025-02,3838.53,0.00,422.24,2025-02-25
5990,101,2025-02,4492.27,0.00,494.15,2025-02-25
5991,102,2025-02,3272.74,0.00,360.00,2025-02-25
5992,103,2025-02,5560.17,0.00,611.62,2025-02-25
5993,104,2025-02,5892.03,0.00,648.12,2025-02-25
5994,105,2025-02,3339.87,0.00,367.39,2025-02-25
5995,106,2025-02,5633.40,0.00,619.67,2025-02-25
5996,107,2025-02,5076.85,0.00,558.45,2025-02-25
5997,108,2025-02,6829.56,0.00,751.25,2025-02-25
5998,109,2025-02,2472.87,0.00,272.02,2025-02-25
5999,110,2025-02,5379.25,0.00,591.72,2025-02-25
6000,111,2025-02,3258.43,0.00,358.43,2025-02-25
6001,112,2025-02,5514.03,0.00,606.54,2025-02-25
6002,113,2025-02,4246.59,0.00,467.12,2025-02-25
6003,114,2025-02,6551.86,0.00,720.70,2025-02-25
6004,1,2025-03,5480.04,1918.01,602.80,2025-03-25
6005,2,2025-03,5001.00,1750.35,550.11,2025-03-25
6006,3,2025-03,6592.79,2307.48,725.21,2025-03-25
6007,4,2025-03,3940.03,1379.01,433.40,2025-03-25
6008,5,2025-03,2404.74,841.66,264.52,2025-03-25
6009,6,2025-03,5922.40,2072.84,651.46,2025-03-25
6010,7,2025-03,2805.62,981.97,308.62,2025-03-25
6011,8,2025-03,5413.38,1894.68,595.47,2025-03-25
6012,9,2025-03,5888.70,2061.04,647.76,2025-03-25
6013,10,2025-03,3575.85,1251.55,393.34,2025-03-25
6014,11,2025-03,3073.75,1075.81,338.11,2025-03-25
6015,12,2025-03,6508.26,2277.89,715.91,2025-03-25
6016,13,2025-03,5175.69,1811.49,569.33,2025-03-25
6017,14,2025-03,5566.85,1948.40,612.35,2025-03-25
6018,15,2025-03,5161.54,1806.54,567.77,2025-03-25
6019,16,2025-03,4724.30,1653.50,519.67,2025-03-25
6020,18,2025-03,4996.45,1748.76,549.61,2025-03-25
6021,19,2025-03,6362.67,2226.93,699.89,2025-03-25
6022,20,2025-03,2538.51,888.48,279.24,2025-03-25
6023,21,2025-03,2626.79,919.38,288.95,2025-03-25
6024,22,2025-03,3822.45,1337.86,420.47,2025-03-25
6025,23,2025-03,4593.99,1607.90,505.34,2025-03-25
6026,24,2025-03,6625.46,2318.91,728.80,2025-03-25
6027,25,2025-03,4392.06,1537.22,483.13,2025-03-25
6028,26,2025-03,3511.34,1228.97,386.25,2025-03-25
6029,27,2025-03,3635.65,1272.48,399.92,2025-03-25
6030,28,2025-03,3287.17,1150.51,361.59,2025-03-25
6031,29,2025-03,6463.60,2262.26,711.00,2025-03-25
6032,30,2025-03,4104.82,1436.69,451.53,2025-03-25
6033,31,2025-03,2507.09,877.48,275.78,2025-03-25
6034,32,2025-03,6891.85,2412.15,758.10,2025-03-25
6035,33,2025-03,2440.53,854.19,268.46,2025-03-25
6036,34,2025-03,4796.79,1678.88,527.65,2025-03-25
6037,35,2025-03,6065.08,2122.78,667.16,2025-03-25
6038,36,2025-03,2640.77,924.27,290.48,2025-03-25
6039,37,2025-03,4198.60,1469.51,461.85,2025-03-25
6040,38,2025-03,2014.71,705.15,221.62,2025-03-25
6041,39,2025-03,2983.26,1044.14,328.16,2025-03-25
6042,40,2025-03,6536.27,2287.69,718.99,2025-03-25
6043,41,2025-03,4248.40,1486.94,467.32,2025-03-25
6044,42,2025-03,2809.09,983.18,309.00,2025-03-25
6045,43,2025-03,3715.59,1300.46,408.71,2025-03-25
6046,44,2025-03,3361.54,1176.54,369.77,2025-03-25
6047,45,2025-03,6646.37,2326.23,731.10,2025-03-25
6048,46,2025-03,4170.56,1459.70,458.76,2025-03-25
6049,47,2025-03,3969.65,1389.38,436.66,2025-03-25
6050,49,2025-03,2306.12,807.14,253.67,2025-03-25
6051,50,2025-03,6869.85,2404.45,755.68,2025-03-25
6052,51,2025-03,5070.32,1774.61,557.74,2025-03-25
6053,52,2025-03,4421.16,1547.41,486.33,2025-03-25
6054,53,2025-03,4491.41,1571.99,494.06,2025-03-25
6055,54,2025-03,5652.59,1978.41,621.78,2025-03-25
6056,55,2025-03,5704.05,1996.42,627.45,2025-03-25
6057,56,2025-03,5691.76,1992.12,626.09,2025-03-25
6058,57,2025-03,3549.80,1242.43,390.48,2025-03-25
6059,58,2025-03,4541.98,1589.69,499.62,2025-03-25
6060,59,2025-03,5836.20,2042.67,641.98,2025-03-25
6061,60,2025-03,5354.01,1873.90,588.94,2025-03-25
6062,61,2025-03,3601.00,1260.35,396.11,2025-03-25
6063,62,2025-03,3618.07,1266.32,397.99,2025-03-25
6064,63,2025-03,5614.33,1965.02,617.58,2025-03-25
6065,64,2025-03,3002.24,1050.78,330.25,2025-03-25
6066,65,2025-03,5366.14,1878.15,590.28,2025-03-25
6067,66,2025-03,6641.62,2324.57,730.58,2025-03-25
6068,67,2025-03,6775.32,2371.36,745.29,2025-03-25
6069,68,2025-03,2009.79,703.43,221.08,2025-03-25
6070,69,2025-03,2229.78,780.42,245.28,2025-03-25
6071,70,2025-03,6615.49,2315.42,727.70,2025-03-25
6072,71,2025-03,3203.91,1121.37,352.43,2025-03-25
6073,72,2025-03,3362.86,1177.00,369.91,2025-03-25
6074,73,2025-03,2638.34,923.42,290.22,2025-03-25
6075,74,2025-03,2103.50,736.22,231.38,2025-03-25
6076,75,2025-03,6365.02,2227.76,700.15,2025-03-25
6077,76,2025-03,3723.76,1303.32,409.61,2025-03-25
6078,77,2025-03,5531.16,1935.91,608.43,2025-03-25
6079,78,2025-03,2693.78,942.82,296.32,2025-03-25
6080,80,2025-03,2179.23,762.73,239.72,2025-03-25
6081,81,2025-03,3135.41,1097.39,344.90,2025-03-25
6082,82,2025-03,4301.84,1505.64,473.20,2025-03-25
6083,83,2025-03,5143.85,1800.35,565.82,2025-03-25
6084,84,2025-03,3218.87,1126.60,354.08,2025-03-25
6085,85,2025-03,3955.76,1384.52,435.13,2025-03-25
6086,86,2025-03,3656.74,1279.86,402.24,2025-03-25
6087,87,2025-03,3663.92,1282.37,403.03,2025-03-25
6088,88,2025-03,6467.62,2263.67,711.44,2025-03-25
6089,89,2025-03,4021.33,1407.47,442.35,2025-03-25
6090,90,2025-03,6857.54,2400.14,754.33,2025-03-25
6091,91,2025-03,5920.78,2072.27,651.29,2025-03-25
6092,92,2025-03,3186.85,1115.40,350.55,2025-03-25
6093,93,2025-03,4973.69,1740.79,547.11,2025-03-25
6094,94,2025-03,5911.41,2068.99,650.26,2025-03-25
6095,95,2025-03,5298.54,1854.49,582.84,2025-03-25
6096,96,2025-03,2794.41,978.04,307.39,2025-03-25
6097,97,2025-03,4113.15,1439.60,452.45,2025-03-25
6098,98,2025-03,3312.36,1159.33,364.36,2025-03-25
6099,99,2025-03,5460.83,1911.29,600.69,2025-03-25
6100,100,2025-03,3848.77,1347.07,423.36,2025-03-25
6101,101,2025-03,4366.08,1528.13,480.27,2025-03-25
6102,102,2025-03,3321.00,1162.35,365.31,2025-03-25
6103,103,2025-03,5683.55,1989.24,625.19,2025-03-25
6104,104,2025-03,5935.86,2077.55,652.94,2025-03-25
6105,105,2025-03,3418.73,1196.56,376.06,2025-03-25
6106,106,2025-03,5654.18,1978.96,621.96,2025-03-25
6107,107,2025-03,5070.88,1774.81,557.80,2025-03-25
6108,108,2025-03,6763.53,2367.24,743.99,2025-03-25
6109,109,2025-03,2416.28,845.70,265.79,2025-03-25
6110,110,2025-03,5427.65,1899.68,597.04,2025-03-25
6111,111,2025-03,3263.87,1142.35,359.03,2025-03-25
6112,112,2025-03,5494.35,1923.02,604.38,2025-03-25
6113,113,2025-03,4311.75,1509.11,474.29,2025-03-25
6114,114,2025-03,6666.85,2333.40,733.35,2025-03-25
6115,1,2025-04,5485.57,0.00,603.41,2025-04-25
6116,2,2025-04,4934.68,0.00,542.81,2025-04-25
6117,3,2025-04,6620.70,0.00,728.28,2025-04-25
6118,4,2025-04,3940.89,0.00,433.50,2025-04-25
6119,5,2025-04,2433.02,0.00,267.63,2025-04-25
6120,6,2025-04,5827.27,0.00,641.00,2025-04-25
6121,7,2025-04,2781.68,0.00,305.98,2025-04-25
6122,8,2025-04,5553.08,0.00,610.84,2025-04-25
6123,9,2025-04,5868.67,0.00,645.55,2025-04-25
6124,10,2025-04,3650.75,0.00,401.58,2025-04-25
6125,11,2025-04,2987.77,0.00,328.65,2025-04-25
6126,12,2025-04,6484.37,0.00,713.28,2025-04-25
6127,13,2025-04,5088.26,0.00,559.71,2025-04-25
6128,14,2025-04,5455.13,0.00,600.06,2025-04-25
6129,15,2025-04,5228.27,0.00,575.11,2025-04-25
6130,16,2025-04,4806.86,0.00,528.75,2025-04-25
6131,18,2025-04,5038.91,0.00,554.28,2025-04-25
6132,19,2025-04,6271.35,0.00,689.85,2025-04-25
6133,20,2025-04,2588.10,0.00,284.69,2025-04-25
6134,21,2025-04,2655.99,0.00,292.16,2025-04-25
6135,22,2025-04,3833.58,0.00,421.69,2025-04-25
6136,23,2025-04,4749.29,0.00,522.42,2025-04-25
6137,24,2025-04,6584.69,0.00,724.32,2025-04-25
6138,25,2025-04,4490.59,0.00,493.96,2025-04-25
6139,26,2025-04,3444.96,0.00,378.95,2025-04-25
6140,27,2025-04,3629.98,0.00,399.30,2025-04-25
6141,28,2025-04,3303.69,0.00,363.41,2025-04-25
6142,29,2025-04,6459.84,0.00,710.58,2025-04-25
6143,30,2025-04,4092.67,0.00,450.19,2025-04-25
6144,31,2025-04,2455.62,0.00,270.12,2025-04-25
6145,32,2025-04,6915.35,0.00,760.69,2025-04-25
6146,33,2025-04,2390.29,0.00,262.93,2025-04-25
6147,34,2025-04,4724.16,0.00,519.66,2025-04-25
6148,35,2025-04,6181.50,0.00,679.97,2025-04-25
6149,36,2025-04,2662.98,0.00,292.93,2025-04-25
6150,37,2025-04,4278.35,0.00,470.62,2025-04-25
6151,38,2025-04,1990.22,0.00,218.92,2025-04-25
6152,39,2025-04,3012.42,0.00,331.37,2025-04-25
6153,40,2025-04,6532.89,0.00,718.62,2025-04-25
6154,41,2025-04,4166.71,0.00,458.34,2025-04-25
6155,42,2025-04,2749.99,0.00,302.50,2025-04-25
6156,43,2025-04,3691.52,0.00,406.07,2025-04-25
6157,44,2025-04,3393.03,0.00,373.23,2025-04-25
6158,45,2025-04,6773.52,0.00,745.09,2025-04-25
6159,46,2025-04,4271.54,0.00,469.87,2025-04-25
6160,47,2025-04,3972.49,0.00,436.97,2025-04-25
6161,49,2025-04,2354.48,0.00,258.99,2025-04-25
6162,50,2025-04,6997.11,0.00,769.68,2025-04-25
6163,51,2025-04,5048.65,0.00,555.35,2025-04-25
6164,52,2025-04,4567.75,0.00,502.45,2025-04-25
6165,53,2025-04,4416.17,0.00,485.78,2025-04-25
6166,54,2025-04,5607.26,0.00,616.80,2025-04-25
6167,55,2025-04,5628.66,0.00,619.15,2025-04-25
6168,56,2025-04,5637.98,0.00,620.18,2025-04-25
6169,57,2025-04,3559.28,0.00,391.52,2025-04-25
6170,58,2025-04,4524.20,0.00,497.66,2025-04-25
6171,59,2025-04,5692.09,0.00,626.13,2025-04-25
6172,60,2025-04,5365.29,0.00,590.18,2025-04-25
6173,61,2025-04,3653.44,0.00,401.88,2025-04-25
6174,62,2025-04,3604.33,0.00,396.48,2025-04-25
6175,63,2025-04,5585.27,0.00,614.38,2025-04-25
6176,64,2025-04,2933.75,0.00,322.71,2025-04-25
6177,65,2025-04,5505.67,0.00,605.62,2025-04-25
6178,66,2025-04,6818.28,0.00,750.01,2025-04-25
6179,67,2025-04,6676.71,0.00,734.44,2025-04-25
6180,68,2025-04,2041.51,0.00,224.57,2025-04-25
6181,69,2025-04,2257.36,0.00,248.31,2025-04-25
6182,70,2025-04,6805.61,0.00,748.62,2025-04-25
6183,71,2025-04,3195.92,0.00,351.55,2025-04-25
6184,72,2025-04,3306.20,0.00,363.68,2025-04-25
6185,73,2025-04,2677.04,0.00,294.47,2025-04-25
6186,74,2025-04,2122.21,0.00,233.44,2025-04-25
6187,75,2025-04,6376.70,0.00,701.44,2025-04-25
6188,76,2025-04,3716.21,0.00,408.78,2025-04-25
6189,77,2025-04,5623.34,0.00,618.57,2025-04-25
6190,78,2025-04,2715.23,0.00,298.68,2025-04-25
6191,80,2025-04,2141.66,0.00,235.58,2025-04-25
6192,81,2025-04,3162.70,0.00,347.90,2025-04-25
6193,82,2025-04,4201.23,0.00,462.14,2025-04-25
6194,83,2025-04,5182.25,0.00,570.05,2025-04-25
6195,84,2025-04,3122.25,0.00,343.45,2025-04-25
6196,85,2025-04,3979.27,0.00,437.72,2025-04-25
6197,86,2025-04,3576.72,0.00,393.44,2025-04-25
6198,87,2025-04,3752.11,0.00,412.73,2025-04-25
6199,88,2025-04,6498.62,0.00,714.85,2025-04-25
6200,89,2025-04,4130.98,0.00,454.41,2025-04-25
6201,90,2025-04,6883.61,0.00,757.20,2025-04-25
6202,91,2025-04,5842.31,0.00,642.65,2025-04-25
6203,92,2025-04,3217.92,0.00,353.97,2025-04-25
6204,93,2025-04,4968.54,0.00,546.54,2025-04-25
6205,94,2025-04,5904.00,0.00,649.44,2025-04-25
6206,95,2025-04,5450.97,0.00,599.61,2025-04-25
6207,96,2025-04,2838.94,0.00,312.28,2025-04-25
6208,97,2025-04,4055.97,0.00,446.16,2025-04-25
6209,98,2025-04,3219.85,0.00,354.18,2025-04-25
6210,99,2025-04,5405.93,0.00,594.65,2025-04-25
6211,100,2025-04,3777.83,0.00,415.56,2025-04-25
6212,101,2025-04,4434.24,0.00,487.77,2025-04-25
6213,102,2025-04,3368.84,0.00,370.57,2025-04-25
6214,103,2025-04,5592.22,0.00,615.14,2025-04-25
6215,104,2025-04,5904.27,0.00,649.47,2025-04-25
6216,105,2025-04,3355.77,0.00,369.13,2025-04-25
6217,106,2025-04,5601.78,0.00,616.20,2025-04-25
6218,107,2025-04,5162.84,0.00,567.91,2025-04-25
6219,108,2025-04,6882.40,0.00,757.06,2025-04-25
6220,109,2025-04,2423.63,0.00,266.60,2025-04-25
6221,110,2025-04,5367.62,0.00,590.44,2025-04-25
6222,111,2025-04,3218.42,0.00,354.03,2025-04-25
6223,112,2025-04,5654.79,0.00,622.03,2025-04-25
6224,113,2025-04,4328.65,0.00,476.15,2025-04-25
6225,114,2025-04,6557.53,0.00,721.33,2025-04-25
6226,1,2025-05,5578.68,0.00,613.65,2025-05-25
6227,2,2025-05,5020.62,0.00,552.27,2025-05-25
6228,3,2025-05,6536.68,0.00,719.03,2025-05-25
6229,4,2025-05,3867.23,0.00,425.40,2025-05-25
6230,5,2025-05,2422.46,0.00,266.47,2025-05-25
6231,6,2025-05,5889.81,0.00,647.88,2025-05-25
6232,7,2025-05,2766.73,0.00,304.34,2025-05-25
6233,8,2025-05,5392.08,0.00,593.13,2025-05-25
6234,9,2025-05,5815.81,0.00,639.74,2025-05-25
6235,10,2025-05,3605.81,0.00,396.64,2025-05-25
6236,11,2025-05,3026.90,0.00,332.96,2025-05-25
6237,12,2025-05,6657.42,0.00,732.32,2025-05-25
6238,13,2025-05,5242.59,0.00,576.68,2025-05-25
6239,14,2025-05,5533.43,0.00,608.68,2025-05-25
6240,15,2025-05,5137.32,0.00,565.11,2025-05-25
6241,16,2025-05,4776.37,0.00,525.40,2025-05-25
6242,18,2025-05,4943.12,0.00,543.74,2025-05-25
6243,19,2025-05,6266.23,0.00,689.29,2025-05-25
6244,20,2025-05,2590.11,0.00,284.91,2025-05-25
6245,21,2025-05,2563.42,0.00,281.98,2025-05-25
6246,22,2025-05,3851.46,0.00,423.66,2025-05-25
6247,23,2025-05,4633.70,0.00,509.71,2025-05-25
6248,24,2025-05,6810.92,0.00,749.20,2025-05-25
6249,25,2025-05,4439.96,0.00,488.40,2025-05-25
6250,26,2025-05,3522.96,0.00,387.53,2025-05-25
6251,27,2025-05,3701.45,0.00,407.16,2025-05-25
6252,28,2025-05,3311.81,0.00,364.30,2025-05-25
6253,29,2025-05,6257.14,0.00,688.29,2025-05-25
6254,30,2025-05,4009.23,0.00,441.02,2025-05-25
6255,31,2025-05,2449.32,0.00,269.43,2025-05-25
6256,32,2025-05,6828.52,0.00,751.14,2025-05-25
6257,33,2025-05,2443.89,0.00,268.83,2025-05-25
6258,34,2025-05,4810.14,0.00,529.12,2025-05-25
6259,35,2025-05,6189.20,0.00,680.81,2025-05-25
6260,36,2025-05,2670.53,0.00,293.76,2025-05-25
6261,37,2025-05,4340.34,0.00,477.44,2025-05-25
6262,38,2025-05,1999.26,0.00,219.92,2025-05-25
6263,39,2025-05,3035.23,0.00,333.88,2025-05-25
6264,40,2025-05,6512.94,0.00,716.42,2025-05-25
6265,41,2025-05,4199.96,0.00,462.00,2025-05-25
6266,42,2025-05,2759.51,0.00,303.55,2025-05-25
6267,43,2025-05,3717.79,0.00,408.96,2025-05-25
6268,44,2025-05,3433.63,0.00,377.70,2025-05-25
6269,45,2025-05,6815.25,0.00,749.68,2025-05-25
6270,46,2025-05,4163.22,0.00,457.95,2025-05-25
6271,47,2025-05,3990.95,0.00,439.00,2025-05-25
6272,49,2025-05,2302.42,0.00,253.27,2025-05-25
6273,50,2025-05,7005.20,0.00,770.57,2025-05-25
6274,51,2025-05,5062.42,0.00,556.87,2025-05-25
6275,52,2025-05,4422.18,0.00,486.44,2025-05-25
6276,53,2025-05,4455.81,0.00,490.14,2025-05-25
6277,54,2025-05,5769.81,0.00,634.68,2025-05-25
6278,55,2025-05,5603.26,0.00,616.36,2025-05-25
6279,56,2025-05,5699.91,0.00,626.99,2025-05-25
6280,57,2025-05,3544.76,0.00,389.92,2025-05-25
6281,58,2025-05,4508.65,0.00,495.95,2025-05-25
6282,59,2025-05,5665.38,0.00,623.19,2025-05-25
6283,60,2025-05,5447.93,0.00,599.27,2025-05-25
6284,61,2025-05,3632.40,0.00,399.56,2025-05-25
6285,62,2025-05,3572.89,0.00,393.02,2025-05-25
6286,63,2025-05,5588.37,0.00,614.72,2025-05-25
6287,64,2025-05,2966.86,0.00,326.35,2025-05-25
6288,65,2025-05,5488.22,0.00,603.70,2025-05-25
6289,66,2025-05,6739.04,0.00,741.29,2025-05-25
6290,67,2025-05,6695.57,0.00,736.51,2025-05-25
6291,68,2025-05,1976.09,0.00,217.37,2025-05-25
6292,69,2025-05,2195.52,0.00,241.51,2025-05-25
6293,70,2025-05,6799.76,0.00,747.97,2025-05-25
6294,71,2025-05,3146.59,0.00,346.12,2025-05-25
6295,72,2025-05,3296.50,0.00,362.62,2025-05-25
6296,73,2025-05,2722.05,0.00,299.43,2025-05-25
6297,74,2025-05,2140.66,0.00,235.47,2025-05-25
6298,75,2025-05,6545.15,0.00,719.97,2025-05-25
6299,76,2025-05,3749.26,0.00,412.42,2025-05-25
6300,77,2025-05,5479.66,0.00,602.76,2025-05-25
6301,78,2025-05,2668.67,0.00,293.55,2025-05-25
6302,80,2025-05,2148.65,0.00,236.35,2025-05-25
6303,81,2025-05,3150.65,0.00,346.57,2025-05-25
6304,82,2025-05,4190.54,0.00,460.96,2025-05-25
6305,83,2025-05,5126.99,0.00,563.97,2025-05-25
6306,84,2025-05,3159.13,0.00,347.50,2025-05-25
6307,85,2025-05,4007.61,0.00,440.84,2025-05-25
6308,86,2025-05,3642.88,0.00,400.72,2025-05-25
6309,87,2025-05,3658.47,0.00,402.43,2025-05-25
6310,88,2025-05,6440.24,0.00,708.43,2025-05-25
6311,89,2025-05,4026.34,0.00,442.90,2025-05-25
6312,90,2025-05,6913.25,0.00,760.46,2025-05-25
6313,91,2025-05,5762.09,0.00,633.83,2025-05-25
6314,92,2025-05,3198.35,0.00,351.82,2025-05-25
6315,93,2025-05,4915.14,0.00,540.67,2025-05-25
6316,94,2025-05,5870.68,0.00,645.77,2025-05-25
6317,95,2025-05,5444.00,0.00,598.84,2025-05-25
6318,96,2025-05,2813.33,0.00,309.47,2025-05-25
6319,97,2025-05,4033.79,0.00,443.72,2025-05-25
6320,98,2025-05,3198.65,0.00,351.85,2025-05-25
6321,99,2025-05,5443.45,0.00,598.78,2025-05-25
6322,100,2025-05,3907.96,0.00,429.88,2025-05-25
6323,101,2025-05,4417.72,0.00,485.95,2025-05-25
6324,102,2025-05,3355.65,0.00,369.12,2025-05-25
6325,103,2025-05,5639.48,0.00,620.34,2025-05-25
6326,104,2025-05,5957.30,0.00,655.30,2025-05-25
6327,105,2025-05,3348.51,0.00,368.34,2025-05-25
6328,106,2025-05,5626.33,0.00,618.90,2025-05-25
6329,107,2025-05,5003.63,0.00,550.40,2025-05-25
6330,108,2025-05,6796.12,0.00,747.57,2025-05-25
6331,109,2025-05,2480.01,0.00,272.80,2025-05-25
6332,110,2025-05,5363.26,0.00,589.96,2025-05-25
6333,111,2025-05,3331.37,0.00,366.45,2025-05-25
6334,112,2025-05,5654.11,0.00,621.95,2025-05-25
6335,113,2025-05,4313.77,0.00,474.51,2025-05-25
6336,114,2025-05,6738.63,0.00,741.25,2025-05-25
6337,1,2025-06,5570.56,0.00,612.76,2025-06-25
6338,2,2025-06,5020.01,0.00,552.20,2025-06-25
6339,3,2025-06,6666.72,0.00,733.34,2025-06-25
6340,4,2025-06,3892.42,0.00,428.17,2025-06-25
6341,5,2025-06,2457.18,0.00,270.29,2025-06-25
6342,6,2025-06,5933.49,0.00,652.68,2025-06-25
6343,7,2025-06,2787.32,0.00,306.61,2025-06-25
6344,8,2025-06,5350.44,0.00,588.55,2025-06-25
6345,9,2025-06,5769.75,0.00,634.67,2025-06-25
6346,10,2025-06,3615.76,0.00,397.73,2025-06-25
6347,11,2025-06,3011.73,0.00,331.29,2025-06-25
6348,12,2025-06,6525.73,0.00,717.83,2025-06-25
6349,13,2025-06,5118.85,0.00,563.07,2025-06-25
6350,14,2025-06,5531.64,0.00,608.48,2025-06-25
6351,15,2025-06,5142.97,0.00,565.73,2025-06-25
6352,16,2025-06,4860.16,0.00,534.62,2025-06-25
6353,18,2025-06,5127.39,0.00,564.01,2025-06-25
6354,19,2025-06,6321.63,0.00,695.38,2025-06-25
6355,20,2025-06,2602.20,0.00,286.24,2025-06-25
6356,21,2025-06,2570.39,0.00,282.74,2025-06-25
6357,22,2025-06,3812.59,0.00,419.38,2025-06-25
6358,23,2025-06,4698.54,0.00,516.84,2025-06-25
6359,24,2025-06,6699.81,0.00,736.98,2025-06-25
6360,25,2025-06,4357.16,0.00,479.29,2025-06-25
6361,26,2025-06,3465.54,0.00,381.21,2025-06-25
6362,27,2025-06,3688.56,0.00,405.74,2025-06-25
6363,28,2025-06,3246.22,0.00,357.08,2025-06-25
6364,29,2025-06,6308.83,0.00,693.97,2025-06-25
6365,30,2025-06,4097.73,0.00,450.75,2025-06-25
6366,31,2025-06,2440.21,0.00,268.42,2025-06-25
6367,32,2025-06,6809.78,0.00,749.08,2025-06-25
6368,33,2025-06,2435.28,0.00,267.88,2025-06-25
6369,34,2025-06,4807.13,0.00,528.78,2025-06-25
6370,35,2025-06,6147.49,0.00,676.22,2025-06-25
6371,36,2025-06,2717.41,0.00,298.92,2025-06-25
6372,37,2025-06,4248.82,0.00,467.37,2025-06-25
6373,38,2025-06,2012.65,0.00,221.39,2025-06-25
6374,39,2025-06,2963.77,0.00,326.01,2025-06-25
6375,40,2025-06,6425.55,0.00,706.81,2025-06-25
6376,41,2025-06,4194.21,0.00,461.36,2025-06-25
6377,42,2025-06,2827.38,0.00,311.01,2025-06-25
6378,43,2025-06,3638.63,0.00,400.25,2025-06-25
6379,44,2025-06,3391.09,0.00,373.02,2025-06-25
6380,45,2025-06,6762.21,0.00,743.84,2025-06-25
6381,46,2025-06,4292.95,0.00,472.22,2025-06-25
6382,47,2025-06,3968.10,0.00,436.49,2025-06-25
6383,49,2025-06,2302.27,0.00,253.25,2025-06-25
6384,50,2025-06,7037.26,0.00,774.10,2025-06-25
6385,51,2025-06,5186.13,0.00,570.47,2025-06-25
6386,52,2025-06,4464.61,0.00,491.11,2025-06-25
6387,53,2025-06,4497.35,0.00,494.71,2025-06-25
6388,54,2025-06,5725.03,0.00,629.75,2025-06-25
6389,55,2025-06,5761.92,0.00,633.81,2025-06-25
6390,56,2025-06,5709.47,0.00,628.04,2025-06-25
6391,57,2025-06,3582.51,0.00,394.08,2025-06-25
6392,58,2025-06,4585.99,0.00,504.46,2025-06-25
6393,59,2025-06,5680.42,0.00,624.85,2025-06-25
6394,60,2025-06,5390.63,0.00,592.97,2025-06-25
6395,61,2025-06,3643.53,0.00,400.79,2025-06-25
6396,62,2025-06,3528.75,0.00,388.16,2025-06-25
6397,63,2025-06,5651.05,0.00,621.62,2025-06-25
6398,64,2025-06,2962.31,0.00,325.85,2025-06-25
6399,65,2025-06,5460.95,0.00,600.70,2025-06-25
6400,66,2025-06,6573.78,0.00,723.12,2025-06-25
6401,67,2025-06,6846.48,0.00,753.11,2025-06-25
6402,68,2025-06,2032.19,0.00,223.54,2025-06-25
6403,69,2025-06,2272.07,0.00,249.93,2025-06-25
6404,70,2025-06,6826.70,0.00,750.94,2025-06-25
6405,71,2025-06,3140.19,0.00,345.42,2025-06-25
6406,72,2025-06,3271.50,0.00,359.87,2025-06-25
6407,73,2025-06,2707.04,0.00,297.77,2025-06-25
6408,74,2025-06,2128.60,0.00,234.15,2025-06-25
6409,75,2025-06,6464.91,0.00,711.14,2025-06-25
6410,76,2025-06,3763.45,0.00,413.98,2025-06-25
6411,77,2025-06,5442.03,0.00,598.62,2025-06-25
6412,78,2025-06,2637.63,0.00,290.14,2025-06-25
6413,80,2025-06,2125.99,0.00,233.86,2025-06-25
6414,81,2025-06,3102.13,0.00,341.23,2025-06-25
6415,82,2025-06,4292.95,0.00,472.22,2025-06-25
6416,83,2025-06,5077.52,0.00,558.53,2025-06-25
6417,84,2025-06,3133.31,0.00,344.66,2025-06-25
6418,85,2025-06,3982.48,0.00,438.07,2025-06-25
6419,86,2025-06,3602.18,0.00,396.24,2025-06-25
6420,87,2025-06,3702.68,0.00,407.29,2025-06-25
6421,88,2025-06,6359.71,0.00,699.57,2025-06-25
6422,89,2025-06,4014.80,0.00,441.63,2025-06-25
6423,90,2025-06,7009.10,0.00,771.00,2025-06-25
6424,91,2025-06,5873.70,0.00,646.11,2025-06-25
6425,92,2025-06,3227.62,0.00,355.04,2025-06-25
6426,93,2025-06,4905.64,0.00,539.62,2025-06-25
6427,94,2025-06,5867.05,0.00,645.38,2025-06-25
6428,95,2025-06,5291.42,0.00,582.06,2025-06-25
6429,96,2025-06,2847.90,0.00,313.27,2025-06-25
6430,97,2025-06,4069.27,0.00,447.62,2025-06-25
6431,98,2025-06,3206.54,0.00,352.72,2025-06-25
6432,99,2025-06,5431.33,0.00,597.45,2025-06-25
6433,100,2025-06,3783.59,0.00,416.19,2025-06-25
6434,101,2025-06,4504.41,0.00,495.49,2025-06-25
6435,102,2025-06,3274.59,0.00,360.20,2025-06-25
6436,103,2025-06,5615.43,0.00,617.70,2025-06-25
6437,104,2025-06,5884.85,0.00,647.33,2025-06-25
6438,105,2025-06,3372.71,0.00,371.00,2025-06-25
6439,106,2025-06,5623.59,0.00,618.59,2025-06-25
6440,107,2025-06,5019.90,0.00,552.19,2025-06-25
6441,108,2025-06,7004.53,0.00,770.50,2025-06-25
6442,109,2025-06,2444.74,0.00,268.92,2025-06-25
6443,110,2025-06,5470.87,0.00,601.80,2025-06-25
6444,111,2025-06,3214.45,0.00,353.59,2025-06-25
6445,112,2025-06,5582.43,0.00,614.07,2025-06-25
6446,113,2025-06,4181.88,0.00,460.01,2025-06-25
6447,114,2025-06,6670.33,0.00,733.74,2025-06-25
6448,1,2025-07,5578.14,0.00,613.60,2025-07-25
6449,2,2025-07,5009.44,0.00,551.04,2025-07-25
6450,3,2025-07,6554.78,0.00,721.03,2025-07-25
6451,4,2025-07,3880.46,0.00,426.85,2025-07-25
6452,5,2025-07,2390.90,0.00,263.00,2025-07-25
6453,6,2025-07,5805.72,0.00,638.63,2025-07-25
6454,7,2025-07,2772.59,0.00,304.98,2025-07-25
6455,8,2025-07,5531.02,0.00,608.41,2025-07-25
6456,9,2025-07,5867.09,0.00,645.38,2025-07-25
6457,10,2025-07,3606.71,0.00,396.74,2025-07-25
6458,11,2025-07,3010.91,0.00,331.20,2025-07-25
6459,12,2025-07,6451.97,0.00,709.72,2025-07-25
6460,13,2025-07,5100.53,0.00,561.06,2025-07-25
6461,14,2025-07,5576.20,0.00,613.38,2025-07-25
6462,15,2025-07,5095.67,0.00,560.52,2025-07-25
6463,16,2025-07,4725.03,0.00,519.75,2025-07-25
6464,18,2025-07,5096.73,0.00,560.64,2025-07-25
6465,19,2025-07,6193.20,0.00,681.25,2025-07-25
6466,20,2025-07,2566.10,0.00,282.27,2025-07-25
6467,21,2025-07,2601.79,0.00,286.20,2025-07-25
6468,22,2025-07,3782.52,0.00,416.08,2025-07-25
6469,23,2025-07,4648.34,0.00,511.32,2025-07-25
6470,24,2025-07,6720.84,0.00,739.29,2025-07-25
6471,25,2025-07,4391.97,0.00,483.12,2025-07-25
6472,26,2025-07,3483.59,0.00,383.19,2025-07-25
6473,27,2025-07,3705.12,0.00,407.56,2025-07-25
6474,28,2025-07,3347.97,0.00,368.28,2025-07-25
6475,29,2025-07,6427.58,0.00,707.03,2025-07-25
6476,30,2025-07,4053.94,0.00,445.93,2025-07-25
6477,31,2025-07,2497.19,0.00,274.69,2025-07-25
6478,32,2025-07,6897.80,0.00,758.76,2025-07-25
6479,33,2025-07,2385.77,0.00,262.43,2025-07-25
6480,34,2025-07,4835.99,0.00,531.96,2025-07-25
6481,35,2025-07,6116.99,0.00,672.87,2025-07-25
6482,36,2025-07,2708.98,0.00,297.99,2025-07-25
6483,37,2025-07,4237.05,0.00,466.08,2025-07-25
6484,38,2025-07,1980.01,0.00,217.80,2025-07-25
6485,39,2025-07,3001.72,0.00,330.19,2025-07-25
6486,40,2025-07,6661.85,0.00,732.80,2025-07-25
6487,41,2025-07,4269.59,0.00,469.65,2025-07-25
6488,42,2025-07,2804.53,0.00,308.50,2025-07-25
6489,43,2025-07,3688.48,0.00,405.73,2025-07-25
6490,44,2025-07,3347.30,0.00,368.20,2025-07-25
6491,45,2025-07,6673.72,0.00,734.11,2025-07-25
6492,46,2025-07,4279.98,0.00,470.80,2025-07-25
6493,47,2025-07,3903.14,0.00,429.35,2025-07-25
6494,49,2025-07,2310.55,0.00,254.16,2025-07-25
6495,50,2025-07,6868.39,0.00,755.52,2025-07-25
6496,51,2025-07,5183.00,0.00,570.13,2025-07-25
6497,52,2025-07,4459.49,0.00,490.54,2025-07-25
6498,53,2025-07,4528.45,0.00,498.13,2025-07-25
6499,54,2025-07,5626.60,0.00,618.93,2025-07-25
6500,55,2025-07,5775.82,0.00,635.34,2025-07-25
6501,56,2025-07,5755.86,0.00,633.14,2025-07-25
6502,57,2025-07,3598.34,0.00,395.82,2025-07-25
6503,58,2025-07,4573.93,0.00,503.13,2025-07-25
6504,59,2025-07,5773.67,0.00,635.10,2025-07-25
6505,60,2025-07,5343.40,0.00,587.77,2025-07-25
6506,61,2025-07,3656.52,0.00,402.22,2025-07-25
6507,62,2025-07,3490.64,0.00,383.97,2025-07-25
6508,63,2025-07,5627.02,0.00,618.97,2025-07-25
6509,64,2025-07,3017.51,0.00,331.93,2025-07-25
6510,65,2025-07,5323.48,0.00,585.58,2025-07-25
6511,66,2025-07,6691.61,0.00,736.08,2025-07-25
6512,67,2025-07,6610.35,0.00,727.14,2025-07-25
6513,68,2025-07,2002.45,0.00,220.27,2025-07-25
6514,69,2025-07,2215.46,0.00,243.70,2025-07-25
6515,70,2025-07,6717.30,0.00,738.90,2025-07-25
6516,71,2025-07,3171.46,0.00,348.86,2025-07-25
6517,72,2025-07,3309.46,0.00,364.04,2025-07-25
6518,73,2025-07,2692.19,0.00,296.14,2025-07-25
6519,74,2025-07,2174.33,0.00,239.18,2025-07-25
6520,75,2025-07,6491.64,0.00,714.08,2025-07-25
6521,76,2025-07,3722.76,0.00,409.50,2025-07-25
6522,77,2025-07,5439.11,0.00,598.30,2025-07-25
6523,78,2025-07,2658.17,0.00,292.40,2025-07-25
6524,80,2025-07,2152.01,0.00,236.72,2025-07-25
6525,81,2025-07,3117.76,0.00,342.95,2025-07-25
6526,82,2025-07,4169.80,0.00,458.68,2025-07-25
6527,83,2025-07,5134.43,0.00,564.79,2025-07-25
6528,84,2025-07,3145.72,0.00,346.03,2025-07-25
6529,85,2025-07,4033.21,0.00,443.65,2025-07-25
6530,86,2025-07,3529.94,0.00,388.29,2025-07-25
6531,87,2025-07,3693.65,0.00,406.30,2025-07-25
6532,88,2025-07,6337.20,0.00,697.09,2025-07-25
6533,89,2025-07,4165.84,0.00,458.24,2025-07-25
6534,90,2025-07,6999.83,0.00,769.98,2025-07-25
6535,91,2025-07,5798.54,0.00,637.84,2025-07-25
6536,92,2025-07,3232.34,0.00,355.56,2025-07-25
6537,93,2025-07,5031.20,0.00,553.43,2025-07-25
6538,94,2025-07,5870.56,0.00,645.76,2025-07-25
6539,95,2025-07,5465.72,0.00,601.23,2025-07-25
6540,96,2025-07,2797.50,0.00,307.73,2025-07-25
6541,97,2025-07,4095.19,0.00,450.47,2025-07-25
6542,98,2025-07,3205.77,0.00,352.63,2025-07-25
6543,99,2025-07,5459.33,0.00,600.53,2025-07-25
6544,100,2025-07,3904.94,0.00,429.54,2025-07-25
6545,101,2025-07,4388.18,0.00,482.70,2025-07-25
6546,102,2025-07,3383.91,0.00,372.23,2025-07-25
6547,103,2025-07,5524.16,0.00,607.66,2025-07-25
6548,104,2025-07,5837.34,0.00,642.11,2025-07-25
6549,105,2025-07,3313.44,0.00,364.48,2025-07-25
6550,106,2025-07,5568.87,0.00,612.58,2025-07-25
6551,107,2025-07,4986.70,0.00,548.54,2025-07-25
6552,108,2025-07,6959.61,0.00,765.56,2025-07-25
6553,109,2025-07,2402.89,0.00,264.32,2025-07-25
6554,110,2025-07,5474.58,0.00,602.20,2025-07-25
6555,111,2025-07,3266.01,0.00,359.26,2025-07-25
6556,112,2025-07,5482.97,0.00,603.13,2025-07-25
6557,113,2025-07,4259.81,0.00,468.58,2025-07-25
6558,114,2025-07,6721.64,0.00,739.38,2025-07-25
6559,1,2025-08,5445.79,0.00,599.04,2025-08-25
6560,2,2025-08,4848.67,0.00,533.35,2025-08-25
6561,3,2025-08,6564.31,0.00,722.07,2025-08-25
6562,4,2025-08,3848.31,0.00,423.31,2025-08-25
6563,5,2025-08,2468.89,0.00,271.58,2025-08-25
6564,6,2025-08,5773.69,0.00,635.11,2025-08-25
6565,7,2025-08,2819.64,0.00,310.16,2025-08-25
6566,8,2025-08,5346.94,0.00,588.16,2025-08-25
6567,9,2025-08,5697.53,0.00,626.73,2025-08-25
6568,10,2025-08,3576.09,0.00,393.37,2025-08-25
6569,11,2025-08,2990.27,0.00,328.93,2025-08-25
6570,12,2025-08,6450.92,0.00,709.60,2025-08-25
6571,13,2025-08,5259.55,0.00,578.55,2025-08-25
6572,14,2025-08,5579.52,0.00,613.75,2025-08-25
6573,15,2025-08,5234.66,0.00,575.81,2025-08-25
6574,16,2025-08,4773.86,0.00,525.12,2025-08-25
6575,18,2025-08,5102.86,0.00,561.31,2025-08-25
6576,19,2025-08,6218.47,0.00,684.03,2025-08-25
6577,20,2025-08,2568.29,0.00,282.51,2025-08-25
6578,21,2025-08,2640.58,0.00,290.46,2025-08-25
6579,22,2025-08,3840.00,0.00,422.40,2025-08-25
6580,23,2025-08,4713.50,0.00,518.49,2025-08-25
6581,24,2025-08,6713.97,0.00,738.54,2025-08-25
6582,25,2025-08,4380.77,0.00,481.88,2025-08-25
6583,26,2025-08,3565.90,0.00,392.25,2025-08-25
6584,27,2025-08,3611.57,0.00,397.27,2025-08-25
6585,28,2025-08,3342.06,0.00,367.63,2025-08-25
6586,29,2025-08,6367.44,0.00,700.42,2025-08-25
6587,30,2025-08,4134.42,0.00,454.79,2025-08-25
6588,31,2025-08,2434.36,0.00,267.78,2025-08-25
6589,32,2025-08,7011.58,0.00,771.27,2025-08-25
6590,33,2025-08,2365.43,0.00,260.20,2025-08-25
6591,34,2025-08,4751.80,0.00,522.70,2025-08-25
6592,35,2025-08,6255.17,0.00,688.07,2025-08-25
6593,36,2025-08,2634.80,0.00,289.83,2025-08-25
6594,37,2025-08,4327.23,0.00,476.00,2025-08-25
6595,38,2025-08,1975.95,0.00,217.35,2025-08-25
6596,39,2025-08,2968.81,0.00,326.57,2025-08-25
6597,40,2025-08,6544.16,0.00,719.86,2025-08-25
6598,41,2025-08,4219.90,0.00,464.19,2025-08-25
6599,42,2025-08,2770.01,0.00,304.70,2025-08-25
6600,43,2025-08,3669.20,0.00,403.61,2025-08-25
6601,44,2025-08,3449.35,0.00,379.43,2025-08-25
6602,45,2025-08,6713.48,0.00,738.48,2025-08-25
6603,46,2025-08,4223.07,0.00,464.54,2025-08-25
6604,47,2025-08,3994.20,0.00,439.36,2025-08-25
6605,49,2025-08,2359.91,0.00,259.59,2025-08-25
6606,50,2025-08,6936.85,0.00,763.05,2025-08-25
6607,51,2025-08,5172.73,0.00,569.00,2025-08-25
6608,52,2025-08,4440.70,0.00,488.48,2025-08-25
6609,53,2025-08,4502.76,0.00,495.30,2025-08-25
6610,54,2025-08,5751.39,0.00,632.65,2025-08-25
6611,55,2025-08,5744.82,0.00,631.93,2025-08-25
6612,56,2025-08,5733.52,0.00,630.69,2025-08-25
6613,57,2025-08,3602.46,0.00,396.27,2025-08-25
6614,58,2025-08,4654.68,0.00,512.01,2025-08-25
6615,59,2025-08,5789.92,0.00,636.89,2025-08-25
6616,60,2025-08,5407.76,0.00,594.85,2025-08-25
6617,61,2025-08,3699.22,0.00,406.91,2025-08-25
6618,62,2025-08,3490.13,0.00,383.91,2025-08-25
6619,63,2025-08,5716.64,0.00,628.83,2025-08-25
6620,64,2025-08,2922.79,0.00,321.51,2025-08-25
6621,65,2025-08,5477.92,0.00,602.57,2025-08-25
6622,66,2025-08,6736.21,0.00,740.98,2025-08-25
6623,67,2025-08,6764.85,0.00,744.13,2025-08-25
6624,68,2025-08,1997.13,0.00,219.68,2025-08-25
6625,69,2025-08,2229.30,0.00,245.22,2025-08-25
6626,70,2025-08,6696.92,0.00,736.66,2025-08-25
6627,71,2025-08,3153.13,0.00,346.84,2025-08-25
6628,72,2025-08,3270.53,0.00,359.76,2025-08-25
6629,73,2025-08,2674.03,0.00,294.14,2025-08-25
6630,74,2025-08,2147.27,0.00,236.20,2025-08-25
6631,75,2025-08,6329.95,0.00,696.29,2025-08-25
6632,76,2025-08,3661.76,0.00,402.79,2025-08-25
6633,77,2025-08,5570.95,0.00,612.80,2025-08-25
6634,78,2025-08,2702.54,0.00,297.28,2025-08-25
6635,80,2025-08,2101.44,0.00,231.16,2025-08-25
6636,81,2025-08,3203.27,0.00,352.36,2025-08-25
6637,82,2025-08,4224.08,0.00,464.65,2025-08-25
6638,83,2025-08,5150.57,0.00,566.56,2025-08-25
6639,84,2025-08,3179.67,0.00,349.76,2025-08-25
6640,85,2025-08,3946.16,0.00,434.08,2025-08-25
6641,86,2025-08,3655.19,0.00,402.07,2025-08-25
6642,87,2025-08,3720.46,0.00,409.25,2025-08-25
6643,88,2025-08,6517.42,0.00,716.92,2025-08-25
6644,89,2025-08,4022.60,0.00,442.49,2025-08-25
6645,90,2025-08,6952.35,0.00,764.76,2025-08-25
6646,91,2025-08,5753.24,0.00,632.86,2025-08-25
6647,92,2025-08,3205.26,0.00,352.58,2025-08-25
6648,93,2025-08,5059.28,0.00,556.52,2025-08-25
6649,94,2025-08,5991.80,0.00,659.10,2025-08-25
6650,95,2025-08,5453.48,0.00,599.88,2025-08-25
6651,96,2025-08,2860.87,0.00,314.70,2025-08-25
6652,97,2025-08,4110.35,0.00,452.14,2025-08-25
6653,98,2025-08,3308.62,0.00,363.95,2025-08-25
6654,99,2025-08,5440.43,0.00,598.45,2025-08-25
6655,100,2025-08,3885.54,0.00,427.41,2025-08-25
6656,101,2025-08,4407.44,0.00,484.82,2025-08-25
6657,102,2025-08,3278.60,0.00,360.65,2025-08-25
6658,103,2025-08,5545.68,0.00,610.02,2025-08-25
6659,104,2025-08,5958.58,0.00,655.44,2025-08-25
6660,105,2025-08,3398.83,0.00,373.87,2025-08-25
6661,106,2025-08,5585.62,0.00,614.42,2025-08-25
6662,107,2025-08,5172.90,0.00,569.02,2025-08-25
6663,108,2025-08,6806.07,0.00,748.67,2025-08-25
6664,109,2025-08,2464.09,0.00,271.05,2025-08-25
6665,110,2025-08,5402.23,0.00,594.25,2025-08-25
6666,111,2025-08,3315.26,0.00,364.68,2025-08-25
6667,112,2025-08,5518.77,0.00,607.06,2025-08-25
6668,113,2025-08,4207.94,0.00,462.87,2025-08-25
6669,114,2025-08,6521.90,0.00,717.41,2025-08-25
6670,1,2025-09,5543.02,0.00,609.73,2025-09-25
6671,2,2025-09,4912.01,0.00,540.32,2025-09-25
6672,3,2025-09,6632.87,0.00,729.62,2025-09-25
6673,4,2025-09,3843.84,0.00,422.82,2025-09-25
6674,5,2025-09,2391.30,0.00,263.04,2025-09-25
6675,6,2025-09,5939.16,0.00,653.31,2025-09-25
6676,7,2025-09,2792.93,0.00,307.22,2025-09-25
6677,8,2025-09,5472.44,0.00,601.97,2025-09-25
6678,9,2025-09,5815.93,0.00,639.75,2025-09-25
6679,10,2025-09,3562.86,0.00,391.91,2025-09-25
6680,11,2025-09,3055.43,0.00,336.10,2025-09-25
6681,12,2025-09,6605.77,0.00,726.63,2025-09-25
6682,13,2025-09,5098.87,0.00,560.88,2025-09-25
6683,14,2025-09,5639.18,0.00,620.31,2025-09-25
6684,15,2025-09,5192.72,0.00,571.20,2025-09-25
6685,16,2025-09,4896.03,0.00,538.56,2025-09-25
6686,18,2025-09,5103.23,0.00,561.36,2025-09-25
6687,19,2025-09,6290.33,0.00,691.94,2025-09-25
6688,20,2025-09,2582.64,0.00,284.09,2025-09-25
6689,21,2025-09,2630.74,0.00,289.38,2025-09-25
6690,22,2025-09,3879.96,0.00,426.80,2025-09-25
6691,23,2025-09,4656.20,0.00,512.18,2025-09-25
6692,24,2025-09,6640.51,0.00,730.46,2025-09-25
6693,25,2025-09,4417.04,0.00,485.87,2025-09-25
6694,26,2025-09,3496.81,0.00,384.65,2025-09-25
6695,27,2025-09,3594.89,0.00,395.44,2025-09-25
6696,28,2025-09,3301.34,0.00,363.15,2025-09-25
6697,29,2025-09,6482.70,0.00,713.10,2025-09-25
6698,30,2025-09,4029.92,0.00,443.29,2025-09-25
6699,31,2025-09,2444.35,0.00,268.88,2025-09-25
6700,32,2025-09,6843.53,0.00,752.79,2025-09-25
6701,33,2025-09,2429.35,0.00,267.23,2025-09-25
6702,34,2025-09,4722.45,0.00,519.47,2025-09-25
6703,35,2025-09,6235.29,0.00,685.88,2025-09-25
6704,36,2025-09,2646.57,0.00,291.12,2025-09-25
6705,37,2025-09,4244.95,0.00,466.94,2025-09-25
6706,38,2025-09,2006.51,0.00,220.72,2025-09-25
6707,39,2025-09,2952.99,0.00,324.83,2025-09-25
6708,40,2025-09,6441.77,0.00,708.59,2025-09-25
6709,41,2025-09,4217.50,0.00,463.93,2025-09-25
6710,42,2025-09,2826.32,0.00,310.90,2025-09-25
6711,43,2025-09,3685.01,0.00,405.35,2025-09-25
6712,44,2025-09,3457.76,0.00,380.35,2025-09-25
6713,45,2025-09,6612.88,0.00,727.42,2025-09-25
6714,46,2025-09,4173.66,0.00,459.10,2025-09-25
6715,47,2025-09,3995.56,0.00,439.51,2025-09-25
6716,49,2025-09,2361.09,0.00,259.72,2025-09-25
6717,50,2025-09,6929.30,0.00,762.22,2025-09-25
6718,51,2025-09,5184.58,0.00,570.30,2025-09-25
6719,52,2025-09,4515.65,0.00,496.72,2025-09-25
6720,53,2025-09,4420.86,0.00,486.29,2025-09-25
6721,54,2025-09,5739.76,0.00,631.37,2025-09-25
6722,55,2025-09,5610.28,0.00,617.13,2025-09-25
6723,56,2025-09,5732.15,0.00,630.54,2025-09-25
6724,57,2025-09,3488.87,0.00,383.78,2025-09-25
6725,58,2025-09,4499.54,0.00,494.95,2025-09-25
6726,59,2025-09,5842.28,0.00,642.65,2025-09-25
6727,60,2025-09,5461.68,0.00,600.78,2025-09-25
6728,61,2025-09,3613.01,0.00,397.43,2025-09-25
6729,62,2025-09,3585.62,0.00,394.42,2025-09-25
6730,63,2025-09,5604.24,0.00,616.47,2025-09-25
6731,64,2025-09,2967.71,0.00,326.45,2025-09-25
6732,65,2025-09,5456.65,0.00,600.23,2025-09-25
6733,66,2025-09,6761.78,0.00,743.80,2025-09-25
6734,67,2025-09,6760.86,0.00,743.69,2025-09-25
6735,68,2025-09,1988.52,0.00,218.74,2025-09-25
6736,69,2025-09,2219.90,0.00,244.19,2025-09-25
6737,70,2025-09,6605.00,0.00,726.55,2025-09-25
6738,71,2025-09,3099.84,0.00,340.98,2025-09-25
6739,72,2025-09,3260.12,0.00,358.61,2025-09-25
6740,73,2025-09,2645.00,0.00,290.95,2025-09-25
6741,74,2025-09,2142.55,0.00,235.68,2025-09-25
6742,75,2025-09,6501.20,0.00,715.13,2025-09-25
6743,76,2025-09,3727.84,0.00,410.06,2025-09-25
6744,77,2025-09,5604.77,0.00,616.52,2025-09-25
6745,78,2025-09,2721.97,0.00,299.42,2025-09-25
6746,80,2025-09,2141.23,0.00,235.54,2025-09-25
6747,81,2025-09,3121.02,0.00,343.31,2025-09-25
6748,82,2025-09,4275.32,0.00,470.29,2025-09-25
6749,83,2025-09,5181.78,0.00,570.00,2025-09-25
6750,84,2025-09,3153.16,0.00,346.85,2025-09-25
6751,85,2025-09,4018.72,0.00,442.06,2025-09-25
6752,86,2025-09,3662.23,0.00,402.85,2025-09-25
6753,87,2025-09,3666.50,0.00,403.31,2025-09-25
6754,88,2025-09,6338.17,0.00,697.20,2025-09-25
6755,89,2025-09,4038.43,0.00,444.23,2025-09-25
6756,90,2025-09,7005.82,0.00,770.64,2025-09-25
6757,91,2025-09,5820.96,0.00,640.31,2025-09-25
6758,92,2025-09,3237.90,0.00,356.17,2025-09-25
6759,93,2025-09,5069.64,0.00,557.66,2025-09-25
6760,94,2025-09,5890.47,0.00,647.95,2025-09-25
6761,95,2025-09,5390.05,0.00,592.91,2025-09-25
6762,96,2025-09,2836.96,0.00,312.07,2025-09-25
6763,97,2025-09,4120.81,0.00,453.29,2025-09-25
6764,98,2025-09,3253.38,0.00,357.87,2025-09-25
6765,99,2025-09,5467.61,0.00,601.44,2025-09-25
6766,100,2025-09,3810.62,0.00,419.17,2025-09-25
6767,101,2025-09,4522.38,0.00,497.46,2025-09-25
6768,102,2025-09,3375.71,0.00,371.33,2025-09-25
6769,103,2025-09,5604.65,0.00,616.51,2025-09-25
6770,104,2025-09,5960.54,0.00,655.66,2025-09-25
6771,105,2025-09,3362.71,0.00,369.90,2025-09-25
6772,106,2025-09,5569.32,0.00,612.63,2025-09-25
6773,107,2025-09,5028.66,0.00,553.15,2025-09-25
6774,108,2025-09,6839.59,0.00,752.35,2025-09-25
6775,109,2025-09,2488.26,0.00,273.71,2025-09-25
6776,110,2025-09,5389.49,0.00,592.84,2025-09-25
6777,111,2025-09,3253.55,0.00,357.89,2025-09-25
6778,112,2025-09,5571.55,0.00,612.87,2025-09-25
6779,113,2025-09,4280.06,0.00,470.81,2025-09-25
6780,114,2025-09,6681.86,0.00,735.00,2025-09-25
6781,1,2025-10,5504.23,0.00,605.47,2025-10-25
6782,2,2025-10,4994.62,0.00,549.41,2025-10-25
6783,3,2025-10,6706.97,0.00,737.77,2025-10-25
6784,4,2025-10,3835.34,0.00,421.89,2025-10-25
6785,5,2025-10,2408.01,0.00,264.88,2025-10-25
6786,6,2025-10,5986.16,0.00,658.48,2025-10-25
6787,7,2025-10,2809.98,0.00,309.10,2025-10-25
6788,8,2025-10,5496.76,0.00,604.64,2025-10-25
6789,9,2025-10,5767.70,0.00,634.45,2025-10-25
6790,10,2025-10,3658.55,0.00,402.44,2025-10-25
6791,11,2025-10,3096.31,0.00,340.59,2025-10-25
6792,12,2025-10,6417.07,0.00,705.88,2025-10-25
6793,13,2025-10,5152.22,0.00,566.74,2025-10-25
6794,14,2025-10,5672.22,0.00,623.94,2025-10-25
6795,15,2025-10,5170.05,0.00,568.71,2025-10-25
6796,16,2025-10,4902.15,0.00,539.24,2025-10-25
6797,18,2025-10,5125.44,0.00,563.80,2025-10-25
6798,19,2025-10,6320.05,0.00,695.21,2025-10-25
6799,20,2025-10,2510.83,0.00,276.19,2025-10-25
6800,21,2025-10,2619.12,0.00,288.10,2025-10-25
6801,22,2025-10,3771.53,0.00,414.87,2025-10-25
6802,23,2025-10,4684.53,0.00,515.30,2025-10-25
6803,24,2025-10,6653.44,0.00,731.88,2025-10-25
6804,25,2025-10,4466.49,0.00,491.31,2025-10-25
6805,26,2025-10,3496.75,0.00,384.64,2025-10-25
6806,27,2025-10,3626.76,0.00,398.94,2025-10-25
6807,28,2025-10,3336.26,0.00,366.99,2025-10-25
6808,29,2025-10,6436.26,0.00,707.99,2025-10-25
6809,30,2025-10,4062.29,0.00,446.85,2025-10-25
6810,31,2025-10,2449.49,0.00,269.44,2025-10-25
6811,32,2025-10,6792.48,0.00,747.17,2025-10-25
6812,33,2025-10,2426.81,0.00,266.95,2025-10-25
6813,34,2025-10,4801.26,0.00,528.14,2025-10-25
6814,35,2025-10,6257.79,0.00,688.36,2025-10-25
6815,36,2025-10,2674.93,0.00,294.24,2025-10-25
6816,37,2025-10,4232.85,0.00,465.61,2025-10-25
6817,38,2025-10,2008.01,0.00,220.88,2025-10-25
6818,39,2025-10,2994.07,0.00,329.35,2025-10-25
6819,40,2025-10,6587.57,0.00,724.63,2025-10-25
6820,41,2025-10,4268.92,0.00,469.58,2025-10-25
6821,42,2025-10,2764.74,0.00,304.12,2025-10-25
6822,43,2025-10,3659.48,0.00,402.54,2025-10-25
6823,44,2025-10,3430.47,0.00,377.35,2025-10-25
6824,45,2025-10,6679.81,0.00,734.78,2025-10-25
6825,46,2025-10,4276.90,0.00,470.46,2025-10-25
6826,47,2025-10,3942.14,0.00,433.64,2025-10-25
6827,49,2025-10,2331.40,0.00,256.45,2025-10-25
6828,50,2025-10,6967.82,0.00,766.46,2025-10-25
6829,51,2025-10,5002.24,0.00,550.25,2025-10-25
6830,52,2025-10,4558.78,0.00,501.47,2025-10-25
6831,53,2025-10,4544.71,0.00,499.92,2025-10-25
6832,54,2025-10,5580.39,0.00,613.84,2025-10-25
6833,55,2025-10,5727.34,0.00,630.01,2025-10-25
6834,56,2025-10,5756.02,0.00,633.16,2025-10-25
6835,57,2025-10,3518.71,0.00,387.06,2025-10-25
6836,58,2025-10,4640.81,0.00,510.49,2025-10-25
6837,59,2025-10,5837.70,0.00,642.15,2025-10-25
6838,60,2025-10,5442.17,0.00,598.64,2025-10-25
6839,61,2025-10,3577.66,0.00,393.54,2025-10-25
6840,62,2025-10,3535.92,0.00,388.95,2025-10-25
6841,63,2025-10,5700.47,0.00,627.05,2025-10-25
6842,64,2025-10,2972.75,0.00,327.00,2025-10-25
6843,65,2025-10,5411.42,0.00,595.26,2025-10-25
6844,66,2025-10,6612.95,0.00,727.42,2025-10-25
6845,67,2025-10,6691.23,0.00,736.04,2025-10-25
6846,68,2025-10,1995.36,0.00,219.49,2025-10-25
6847,69,2025-10,2237.59,0.00,246.13,2025-10-25
6848,70,2025-10,6656.85,0.00,732.25,2025-10-25
6849,71,2025-10,3098.12,0.00,340.79,2025-10-25
6850,72,2025-10,3376.56,0.00,371.42,2025-10-25
6851,73,2025-10,2653.00,0.00,291.83,2025-10-25
6852,74,2025-10,2109.00,0.00,231.99,2025-10-25
6853,75,2025-10,6483.02,0.00,713.13,2025-10-25
6854,76,2025-10,3658.47,0.00,402.43,2025-10-25
6855,77,2025-10,5516.66,0.00,606.83,2025-10-25
6856,78,2025-10,2721.40,0.00,299.35,2025-10-25
6857,80,2025-10,2116.71,0.00,232.84,2025-10-25
6858,81,2025-10,3116.80,0.00,342.85,2025-10-25
6859,82,2025-10,4215.57,0.00,463.71,2025-10-25
6860,83,2025-10,5095.88,0.00,560.55,2025-10-25
6861,84,2025-10,3151.50,0.00,346.67,2025-10-25
6862,85,2025-10,4036.75,0.00,444.04,2025-10-25
6863,86,2025-10,3648.04,0.00,401.28,2025-10-25
6864,87,2025-10,3650.70,0.00,401.58,2025-10-25
6865,88,2025-10,6478.06,0.00,712.59,2025-10-25
6866,89,2025-10,4014.21,0.00,441.56,2025-10-25
6867,90,2025-10,6983.77,0.00,768.21,2025-10-25
6868,91,2025-10,5770.98,0.00,634.81,2025-10-25
6869,92,2025-10,3180.98,0.00,349.91,2025-10-25
6870,93,2025-10,4966.62,0.00,546.33,2025-10-25
6871,94,2025-10,5841.89,0.00,642.61,2025-10-25
6872,95,2025-10,5297.24,0.00,582.70,2025-10-25
6873,96,2025-10,2866.54,0.00,315.32,2025-10-25
6874,97,2025-10,4039.60,0.00,444.36,2025-10-25
6875,98,2025-10,3309.96,0.00,364.10,2025-10-25
6876,99,2025-10,5562.46,0.00,611.87,2025-10-25
6877,100,2025-10,3771.60,0.00,414.88,2025-10-25
6878,101,2025-10,4445.07,0.00,488.96,2025-10-25
6879,102,2025-10,3355.03,0.00,369.05,2025-10-25
6880,103,2025-10,5586.56,0.00,614.52,2025-10-25
6881,104,2025-10,5873.14,0.00,646.05,2025-10-25
6882,105,2025-10,3331.30,0.00,366.44,2025-10-25
6883,106,2025-10,5501.11,0.00,605.12,2025-10-25
6884,107,2025-10,5123.62,0.00,563.60,2025-10-25
6885,108,2025-10,6791.94,0.00,747.11,2025-10-25
6886,109,2025-10,2414.39,0.00,265.58,2025-10-25
6887,110,2025-10,5459.59,0.00,600.55,2025-10-25
6888,111,2025-10,3225.13,0.00,354.76,2025-10-25
6889,112,2025-10,5446.70,0.00,599.14,2025-10-25
6890,113,2025-10,4284.09,0.00,471.25,2025-10-25
6891,114,2025-10,6725.67,0.00,739.82,2025-10-25
6892,1,2025-11,5626.85,0.00,618.95,2025-11-25
6893,2,2025-11,4854.70,0.00,534.02,2025-11-25
6894,3,2025-11,6546.59,0.00,720.12,2025-11-25
6895,4,2025-11,3931.97,0.00,432.52,2025-11-25
6896,5,2025-11,2397.83,0.00,263.76,2025-11-25
6897,6,2025-11,5855.97,0.00,644.16,2025-11-25
6898,7,2025-11,2857.16,0.00,314.29,2025-11-25
6899,8,2025-11,5398.98,0.00,593.89,2025-11-25
6900,9,2025-11,5898.08,0.00,648.79,2025-11-25
6901,10,2025-11,3625.79,0.00,398.84,2025-11-25
6902,11,2025-11,3065.06,0.00,337.16,2025-11-25
6903,12,2025-11,6642.05,0.00,730.63,2025-11-25
6904,13,2025-11,5230.57,0.00,575.36,2025-11-25
6905,14,2025-11,5647.01,0.00,621.17,2025-11-25
6906,15,2025-11,5182.20,0.00,570.04,2025-11-25
6907,16,2025-11,4835.67,0.00,531.92,2025-11-25
6908,18,2025-11,4941.81,0.00,543.60,2025-11-25
6909,19,2025-11,6353.71,0.00,698.91,2025-11-25
6910,20,2025-11,2506.94,0.00,275.76,2025-11-25
6911,21,2025-11,2660.04,0.00,292.60,2025-11-25
6912,22,2025-11,3796.95,0.00,417.66,2025-11-25
6913,23,2025-11,4724.84,0.00,519.73,2025-11-25
6914,24,2025-11,6802.90,0.00,748.32,2025-11-25
6915,25,2025-11,4388.44,0.00,482.73,2025-11-25
6916,26,2025-11,3562.45,0.00,391.87,2025-11-25
6917,27,2025-11,3688.80,0.00,405.77,2025-11-25
6918,28,2025-11,3352.99,0.00,368.83,2025-11-25
6919,29,2025-11,6398.42,0.00,703.83,2025-11-25
6920,30,2025-11,4084.20,0.00,449.26,2025-11-25
6921,31,2025-11,2454.28,0.00,269.97,2025-11-25
6922,32,2025-11,6880.32,0.00,756.84,2025-11-25
6923,33,2025-11,2362.13,0.00,259.83,2025-11-25
6924,34,2025-11,4795.34,0.00,527.49,2025-11-25
6925,35,2025-11,6112.77,0.00,672.40,2025-11-25
6926,36,2025-11,2663.86,0.00,293.02,2025-11-25
6927,37,2025-11,4220.72,0.00,464.28,2025-11-25
6928,38,2025-11,2009.49,0.00,221.04,2025-11-25
6929,39,2025-11,2970.09,0.00,326.71,2025-11-25
6930,40,2025-11,6625.06,0.00,728.76,2025-11-25
6931,41,2025-11,4269.01,0.00,469.59,2025-11-25
6932,42,2025-11,2843.43,0.00,312.78,2025-11-25
6933,43,2025-11,3663.70,0.00,403.01,2025-11-25
6934,44,2025-11,3428.86,0.00,377.17,2025-11-25
6935,45,2025-11,6724.12,0.00,739.65,2025-11-25
6936,46,2025-11,4310.57,0.00,474.16,2025-11-25
6937,47,2025-11,3855.95,0.00,424.15,2025-11-25
6938,49,2025-11,2303.75,0.00,253.41,2025-11-25
6939,50,2025-11,6848.30,0.00,753.31,2025-11-25
6940,51,2025-11,5136.74,0.00,565.04,2025-11-25
6941,52,2025-11,4482.02,0.00,493.02,2025-11-25
6942,53,2025-11,4540.18,0.00,499.42,2025-11-25
6943,54,2025-11,5613.75,0.00,617.51,2025-11-25
6944,55,2025-11,5678.69,0.00,624.66,2025-11-25
6945,56,2025-11,5708.56,0.00,627.94,2025-11-25
6946,57,2025-11,3480.36,0.00,382.84,2025-11-25
6947,58,2025-11,4650.75,0.00,511.58,2025-11-25
6948,59,2025-11,5769.05,0.00,634.60,2025-11-25
6949,60,2025-11,5469.64,0.00,601.66,2025-11-25
6950,61,2025-11,3617.86,0.00,397.96,2025-11-25
6951,62,2025-11,3514.49,0.00,386.59,2025-11-25
6952,63,2025-11,5611.71,0.00,617.29,2025-11-25
6953,64,2025-11,2945.58,0.00,324.01,2025-11-25
6954,65,2025-11,5339.08,0.00,587.30,2025-11-25
6955,66,2025-11,6708.22,0.00,737.90,2025-11-25
6956,67,2025-11,6654.15,0.00,731.96,2025-11-25
6957,68,2025-11,1998.93,0.00,219.88,2025-11-25
6958,69,2025-11,2229.64,0.00,245.26,2025-11-25
6959,70,2025-11,6606.86,0.00,726.75,2025-11-25
6960,71,2025-11,3138.40,0.00,345.22,2025-11-25
6961,72,2025-11,3281.52,0.00,360.97,2025-11-25
6962,73,2025-11,2728.93,0.00,300.18,2025-11-25
6963,74,2025-11,2131.00,0.00,234.41,2025-11-25
6964,75,2025-11,6449.48,0.00,709.44,2025-11-25
6965,76,2025-11,3739.06,0.00,411.30,2025-11-25
6966,77,2025-11,5635.12,0.00,619.86,2025-11-25
6967,78,2025-11,2652.35,0.00,291.76,2025-11-25
6968,80,2025-11,2106.84,0.00,231.75,2025-11-25
6969,81,2025-11,3124.22,0.00,343.66,2025-11-25
6970,82,2025-11,4284.96,0.00,471.35,2025-11-25
6971,83,2025-11,5071.40,0.00,557.85,2025-11-25
6972,84,2025-11,3128.87,0.00,344.18,2025-11-25
6973,85,2025-11,3974.10,0.00,437.15,2025-11-25
6974,86,2025-11,3643.87,0.00,400.83,2025-11-25
6975,87,2025-11,3705.23,0.00,407.58,2025-11-25
6976,88,2025-11,6500.89,0.00,715.10,2025-11-25
6977,89,2025-11,4127.65,0.00,454.04,2025-11-25
6978,90,2025-11,6927.40,0.00,762.01,2025-11-25
6979,91,2025-11,5890.71,0.00,647.98,2025-11-25
6980,92,2025-11,3254.98,0.00,358.05,2025-11-25
6981,93,2025-11,5009.87,0.00,551.09,2025-11-25
6982,94,2025-11,5875.46,0.00,646.30,2025-11-25
6983,95,2025-11,5420.59,0.00,596.26,2025-11-25
6984,96,2025-11,2820.82,0.00,310.29,2025-11-25
6985,97,2025-11,4036.75,0.00,444.04,2025-11-25
6986,98,2025-11,3210.93,0.00,353.20,2025-11-25
6987,99,2025-11,5377.74,0.00,591.55,2025-11-25
6988,100,2025-11,3891.52,0.00,428.07,2025-11-25
6989,101,2025-11,4402.64,0.00,484.29,2025-11-25
6990,102,2025-11,3350.72,0.00,368.58,2025-11-25
6991,103,2025-11,5698.31,0.00,626.81,2025-11-25
6992,104,2025-11,5909.97,0.00,650.10,2025-11-25
6993,105,2025-11,3410.89,0.00,375.20,2025-11-25
6994,106,2025-11,5590.38,0.00,614.94,2025-11-25
6995,107,2025-11,5109.56,0.00,562.05,2025-11-25
6996,108,2025-11,6938.64,0.00,763.25,2025-11-25
6997,109,2025-11,2485.53,0.00,273.41,2025-11-25
6998,110,2025-11,5452.38,0.00,599.76,2025-11-25
6999,111,2025-11,3236.07,0.00,355.97,2025-11-25
7000,112,2025-11,5653.99,0.00,621.94,2025-11-25
7001,113,2025-11,4246.26,0.00,467.09,2025-11-25
7002,114,2025-11,6702.59,0.00,737.28,2025-11-25
7003,1,2025-12,5494.40,5494.40,604.38,2025-12-25
7004,2,2025-12,4869.10,4869.10,535.60,2025-12-25
7005,3,2025-12,6613.30,6613.30,727.46,2025-12-25
7006,4,2025-12,3859.09,3859.09,424.50,2025-12-25
7007,5,2025-12,2453.97,2453.97,269.94,2025-12-25
7008,6,2025-12,5801.17,5801.17,638.13,2025-12-25
7009,7,2025-12,2852.45,2852.45,313.77,2025-12-25
7010,8,2025-12,5542.44,5542.44,609.67,2025-12-25
7011,9,2025-12,5733.08,5733.08,630.64,2025-12-25
7012,10,2025-12,3656.23,3656.23,402.19,2025-12-25
7013,11,2025-12,3055.75,3055.75,336.13,2025-12-25
7014,12,2025-12,6630.41,6630.41,729.35,2025-12-25
7015,13,2025-12,5160.22,5160.22,567.62,2025-12-25
7016,14,2025-12,5501.52,5501.52,605.17,2025-12-25
7017,15,2025-12,5184.15,5184.15,570.26,2025-12-25
7018,16,2025-12,4751.49,4751.49,522.66,2025-12-25
7019,18,2025-12,5014.87,5014.87,551.64,2025-12-25
7020,19,2025-12,6234.28,6234.28,685.77,2025-12-25
7021,20,2025-12,2522.06,2522.06,277.43,2025-12-25
7022,21,2025-12,2635.81,2635.81,289.94,2025-12-25
7023,22,2025-12,3772.35,3772.35,414.96,2025-12-25
7024,23,2025-12,4695.74,4695.74,516.53,2025-12-25
7025,24,2025-12,6813.85,6813.85,749.52,2025-12-25
7026,25,2025-12,4433.50,4433.50,487.69,2025-12-25
7027,26,2025-12,3486.86,3486.86,383.55,2025-12-25
7028,27,2025-12,3635.51,3635.51,399.91,2025-12-25
7029,28,2025-12,3352.35,3352.35,368.76,2025-12-25
7030,29,2025-12,6276.21,6276.21,690.38,2025-12-25
7031,30,2025-12,4012.14,4012.14,441.34,2025-12-25
7032,31,2025-12,2514.36,2514.36,276.58,2025-12-25
7033,32,2025-12,6853.93,6853.93,753.93,2025-12-25
7034,33,2025-12,2377.19,2377.19,261.49,2025-12-25
7035,34,2025-12,4792.23,4792.23,527.15,2025-12-25
7036,35,2025-12,6162.30,6162.30,677.85,2025-12-25
7037,36,2025-12,2695.92,2695.92,296.55,2025-12-25
7038,37,2025-12,4206.71,4206.71,462.74,2025-12-25
7039,38,2025-12,2021.24,2021.24,222.34,2025-12-25
7040,39,2025-12,3015.79,3015.79,331.74,2025-12-25
7041,40,2025-12,6421.72,6421.72,706.39,2025-12-25
7042,41,2025-12,4214.65,4214.65,463.61,2025-12-25
7043,42,2025-12,2737.34,2737.34,301.11,2025-12-25
7044,43,2025-12,3597.72,3597.72,395.75,2025-12-25
7045,44,2025-12,3391.81,3391.81,373.10,2025-12-25
7046,45,2025-12,6664.51,6664.51,733.10,2025-12-25
7047,46,2025-12,4212.11,4212.11,463.33,2025-12-25
7048,47,2025-12,3974.65,3974.65,437.21,2025-12-25
7049,49,2025-12,2340.82,2340.82,257.49,2025-12-25
7050,50,2025-12,7047.31,7047.31,775.20,2025-12-25
7051,51,2025-12,5155.22,5155.22,567.07,2025-12-25
7052,52,2025-12,4494.03,4494.03,494.34,2025-12-25
7053,53,2025-12,4491.29,4491.29,494.04,2025-12-25
7054,54,2025-12,5703.42,5703.42,627.38,2025-12-25
7055,55,2025-12,5707.79,5707.79,627.86,2025-12-25
7056,56,2025-12,5834.03,5834.03,641.74,2025-12-25
7057,57,2025-12,3563.03,3563.03,391.93,2025-12-25
7058,58,2025-12,4521.93,4521.93,497.41,2025-12-25
7059,59,2025-12,5723.68,5723.68,629.60,2025-12-25
7060,60,2025-12,5417.55,5417.55,595.93,2025-12-25
7061,61,2025-12,3657.14,3657.14,402.29,2025-12-25
7062,62,2025-12,3494.66,3494.66,384.41,2025-12-25
7063,63,2025-12,5610.42,5610.42,617.15,2025-12-25
7064,64,2025-12,2951.08,2951.08,324.62,2025-12-25
7065,65,2025-12,5383.22,5383.22,592.15,2025-12-25
7066,66,2025-12,6715.25,6715.25,738.68,2025-12-25
7067,67,2025-12,6822.03,6822.03,750.42,2025-12-25
7068,68,2025-12,2028.29,2028.29,223.11,2025-12-25
7069,69,2025-12,2209.51,2209.51,243.05,2025-12-25
7070,70,2025-12,6858.07,6858.07,754.39,2025-12-25
7071,71,2025-12,3105.06,3105.06,341.56,2025-12-25
7072,72,2025-12,3340.55,3340.55,367.46,2025-12-25
7073,73,2025-12,2642.94,2642.94,290.72,2025-12-25
7074,74,2025-12,2138.27,2138.27,235.21,2025-12-25
7075,75,2025-12,6452.24,6452.24,709.75,2025-12-25
7076,76,2025-12,3628.96,3628.96,399.19,2025-12-25
7077,77,2025-12,5612.07,5612.07,617.33,2025-12-25
7078,78,2025-12,2699.75,2699.75,296.97,2025-12-25
7079,80,2025-12,2155.07,2155.07,237.06,2025-12-25
7080,81,2025-12,3161.61,3161.61,347.78,2025-12-25
7081,82,2025-12,4202.49,4202.49,462.27,2025-12-25
7082,83,2025-12,5060.51,5060.51,556.66,2025-12-25
7083,84,2025-12,3112.39,3112.39,342.36,2025-12-25
7084,85,2025-12,3970.26,3970.26,436.73,2025-12-25
7085,86,2025-12,3539.44,3539.44,389.34,2025-12-25
7086,87,2025-12,3686.66,3686.66,405.53,2025-12-25
7087,88,2025-12,6455.70,6455.70,710.13,2025-12-25
7088,89,2025-12,4169.94,4169.94,458.69,2025-12-25
7089,90,2025-12,6827.90,6827.90,751.07,2025-12-25
7090,91,2025-12,5915.00,5915.00,650.65,2025-12-25
7091,92,2025-12,3161.76,3161.76,347.79,2025-12-25
7092,93,2025-12,4900.73,4900.73,539.08,2025-12-25
7093,94,2025-12,6010.80,6010.80,661.19,2025-12-25
7094,95,2025-12,5263.25,5263.25,578.96,2025-12-25
7095,96,2025-12,2785.76,2785.76,306.43,2025-12-25
7096,97,2025-12,4075.01,4075.01,448.25,2025-12-25
7097,98,2025-12,3208.69,3208.69,352.96,2025-12-25
7098,99,2025-12,5435.70,5435.70,597.93,2025-12-25
7099,100,2025-12,3777.96,3777.96,415.58,2025-12-25
7100,101,2025-12,4374.63,4374.63,481.21,2025-12-25
7101,102,2025-12,3303.33,3303.33,363.37,2025-12-25
7102,103,2025-12,5710.33,5710.33,628.14,2025-12-25
7103,104,2025-12,6014.30,6014.30,661.57,2025-12-25
7104,105,2025-12,3328.26,3328.26,366.11,2025-12-25
7105,106,2025-12,5599.67,5599.67,615.96,2025-12-25
7106,107,2025-12,4992.04,4992.04,549.12,2025-12-25
7107,108,2025-12,6929.60,6929.60,762.26,2025-12-25
7108,109,2025-12,2399.98,2399.98,264.00,2025-12-25
7109,110,2025-12,5400.70,5400.70,594.08,2025-12-25
7110,111,2025-12,3206.62,3206.62,352.73,2025-12-25
7111,112,2025-12,5627.01,5627.01,618.97,2025-12-25
7112,113,2025-12,4274.95,4274.95,470.24,2025-12-25
7113,114,2025-12,6701.55,6701.55,737.17,2025-12-25
